{"Module":"Shim","InstanceId":"b2efe8f91b9c4b7fb3e92a5ef4f4ff3e","ContainerId":"b2efe8f91b9c4b7fb3e92a5ef4f4ff3e","Timestamp":"2026-07-25T17:40:11.619559578Z","LogContent":"create req start","FunctionType":""}
{"Module":"Shim","InstanceId":"b2efe8f91b9c4b7fb3e92a5ef4f4ff3e","ContainerId":"b2efe8f91b9c4b7fb3e92a5ef4f4ff3e","Timestamp":"2026-07-25T17:40:11.619660624Z","LogContent":"load spec finish at:0","FunctionType":""}
{"Module":"Shim","InstanceId":"b2efe8f91b9c4b7fb3e92a5ef4f4ff3e","ContainerId":"b2efe8f91b9c4b7fb3e92a5ef4f4ff3e","Timestamp":"2026-07-25T17:40:11.619663761Z","LogContent":"shim pid 61884","FunctionType":""}
{"Module":"Shim","InstanceId":"2f31a933c72742abbb3bc508d32a5f8a","ContainerId":"2f31a933c72742abbb3bc508d32a5f8a","Timestamp":"2026-07-25T17:40:11.618874628Z","LogContent":"create req start","FunctionType":""}
{"Module":"Shim","InstanceId":"b2efe8f91b9c4b7fb3e92a5ef4f4ff3e","ContainerId":"b2efe8f91b9c4b7fb3e92a5ef4f4ff3e","Timestamp":"2026-07-25T17:40:11.619709564Z","LogContent":"snapshot restore init using snapshot_base:/usr/local/services/cubetoolbox/cube-snapshot/cubebox/tpl-c33298206d4846deac922031, memory_vol_url:file:///data/cubelet/storage/cubecow-reflink/volumes/tpl-tpl-c33298206d4846deac922031-memory/tpl-tpl-c33298206d4846deac922031-memory","FunctionType":""}
{"Module":"Shim","InstanceId":"2f31a933c72742abbb3bc508d32a5f8a","ContainerId":"2f31a933c72742abbb3bc508d32a5f8a","Timestamp":"2026-07-25T17:40:11.619000135Z","LogContent":"load spec finish at:0","FunctionType":""}
{"Module":"Shim","InstanceId":"2f31a933c72742abbb3bc508d32a5f8a","ContainerId":"2f31a933c72742abbb3bc508d32a5f8a","Timestamp":"2026-07-25T17:40:11.619006267Z","LogContent":"shim pid 61879","FunctionType":""}
{"Module":"Shim","InstanceId":"2f31a933c72742abbb3bc508d32a5f8a","ContainerId":"2f31a933c72742abbb3bc508d32a5f8a","Timestamp":"2026-07-25T17:40:11.619076551Z","LogContent":"snapshot restore init using snapshot_base:/usr/local/services/cubetoolbox/cube-snapshot/cubebox/tpl-c33298206d4846deac922031, memory_vol_url:file:///data/cubelet/storage/cubecow-reflink/volumes/tpl-tpl-c33298206d4846deac922031-memory/tpl-tpl-c33298206d4846deac922031-memory","FunctionType":""}
{"Module":"Shim","InstanceId":"b2efe8f91b9c4b7fb3e92a5ef4f4ff3e","ContainerId":"b2efe8f91b9c4b7fb3e92a5ef4f4ff3e","Timestamp":"2026-07-25T17:40:11.619715507Z","LogContent":"start vm start","FunctionType":""}
{"Module":"Shim","InstanceId":"2f31a933c72742abbb3bc508d32a5f8a","ContainerId":"2f31a933c72742abbb3bc508d32a5f8a","Timestamp":"2026-07-25T17:40:11.619087724Z","LogContent":"start vm start","FunctionType":""}
{"Module":"Shim","InstanceId":"b2efe8f91b9c4b7fb3e92a5ef4f4ff3e","ContainerId":"b2efe8f91b9c4b7fb3e92a5ef4f4ff3e","Timestamp":"2026-07-25T17:40:11.620435688Z","LogContent":"snapshot dir:file:///usr/local/services/cubetoolbox/cube-snapshot/cubebox/tpl-c33298206d4846deac922031/2C2000M/snapshot","FunctionType":""}
{"Module":"Shim","InstanceId":"2f31a933c72742abbb3bc508d32a5f8a","ContainerId":"2f31a933c72742abbb3bc508d32a5f8a","Timestamp":"2026-07-25T17:40:11.619853258Z","LogContent":"snapshot dir:file:///usr/local/services/cubetoolbox/cube-snapshot/cubebox/tpl-c33298206d4846deac922031/2C2000M/snapshot","FunctionType":""}
{"Module":"Shim","InstanceId":"08a70338cb684dd3bbad5a9de1b8dd93","ContainerId":"08a70338cb684dd3bbad5a9de1b8dd93","Timestamp":"2026-07-25T17:40:11.618894529Z","LogContent":"create req start","FunctionType":""}
{"Module":"Shim","InstanceId":"cc052924ff934beb996a1f22a277345f","ContainerId":"cc052924ff934beb996a1f22a277345f","Timestamp":"2026-07-25T17:40:11.61887555Z","LogContent":"create req start","FunctionType":""}
{"Module":"Shim","InstanceId":"cc052924ff934beb996a1f22a277345f","ContainerId":"cc052924ff934beb996a1f22a277345f","Timestamp":"2026-07-25T17:40:11.619033453Z","LogContent":"load spec finish at:0","FunctionType":""}
{"Module":"Shim","InstanceId":"cc052924ff934beb996a1f22a277345f","ContainerId":"cc052924ff934beb996a1f22a277345f","Timestamp":"2026-07-25T17:40:11.619037571Z","LogContent":"shim pid 61874","FunctionType":""}
{"Module":"Shim","InstanceId":"cc052924ff934beb996a1f22a277345f","ContainerId":"cc052924ff934beb996a1f22a277345f","Timestamp":"2026-07-25T17:40:11.619082694Z","LogContent":"snapshot restore init using snapshot_base:/usr/local/services/cubetoolbox/cube-snapshot/cubebox/tpl-c33298206d4846deac922031, memory_vol_url:file:///data/cubelet/storage/cubecow-reflink/volumes/tpl-tpl-c33298206d4846deac922031-memory/tpl-tpl-c33298206d4846deac922031-memory","FunctionType":""}
{"Module":"Shim","InstanceId":"cc052924ff934beb996a1f22a277345f","ContainerId":"cc052924ff934beb996a1f22a277345f","Timestamp":"2026-07-25T17:40:11.619093095Z","LogContent":"start vm start","FunctionType":""}
{"Module":"Shim","InstanceId":"cc052924ff934beb996a1f22a277345f","ContainerId":"cc052924ff934beb996a1f22a277345f","Timestamp":"2026-07-25T17:40:11.619841424Z","LogContent":"snapshot dir:file:///usr/local/services/cubetoolbox/cube-snapshot/cubebox/tpl-c33298206d4846deac922031/2C2000M/snapshot","FunctionType":""}
{"Module":"Shim","InstanceId":"8517f11b2a264e2a9a0147989408a40a","ContainerId":"8517f11b2a264e2a9a0147989408a40a","Timestamp":"2026-07-25T17:40:11.619953844Z","LogContent":"create req start","FunctionType":""}
{"Module":"Shim","InstanceId":"08a70338cb684dd3bbad5a9de1b8dd93","ContainerId":"08a70338cb684dd3bbad5a9de1b8dd93","Timestamp":"2026-07-25T17:40:11.619000195Z","LogContent":"load spec finish at:0","FunctionType":""}
{"Module":"Shim","InstanceId":"8517f11b2a264e2a9a0147989408a40a","ContainerId":"8517f11b2a264e2a9a0147989408a40a","Timestamp":"2026-07-25T17:40:11.620046974Z","LogContent":"load spec finish at:0","FunctionType":""}
{"Module":"Shim","InstanceId":"8517f11b2a264e2a9a0147989408a40a","ContainerId":"8517f11b2a264e2a9a0147989408a40a","Timestamp":"2026-07-25T17:40:11.62005015Z","LogContent":"shim pid 61880","FunctionType":""}
{"Module":"Shim","InstanceId":"8517f11b2a264e2a9a0147989408a40a","ContainerId":"8517f11b2a264e2a9a0147989408a40a","Timestamp":"2026-07-25T17:40:11.620095493Z","LogContent":"snapshot restore init using snapshot_base:/usr/local/services/cubetoolbox/cube-snapshot/cubebox/tpl-c33298206d4846deac922031, memory_vol_url:file:///data/cubelet/storage/cubecow-reflink/volumes/tpl-tpl-c33298206d4846deac922031-memory/tpl-tpl-c33298206d4846deac922031-memory","FunctionType":""}
{"Module":"Shim","InstanceId":"8517f11b2a264e2a9a0147989408a40a","ContainerId":"8517f11b2a264e2a9a0147989408a40a","Timestamp":"2026-07-25T17:40:11.620101706Z","LogContent":"start vm start","FunctionType":""}
{"Module":"Shim","InstanceId":"8517f11b2a264e2a9a0147989408a40a","ContainerId":"8517f11b2a264e2a9a0147989408a40a","Timestamp":"2026-07-25T17:40:11.620794571Z","LogContent":"snapshot dir:file:///usr/local/services/cubetoolbox/cube-snapshot/cubebox/tpl-c33298206d4846deac922031/2C2000M/snapshot","FunctionType":""}
{"Module":"Shim","InstanceId":"b2efe8f91b9c4b7fb3e92a5ef4f4ff3e","ContainerId":"b2efe8f91b9c4b7fb3e92a5ef4f4ff3e","Timestamp":"2026-07-25T17:40:11.62837499Z","LogContent":"agent is ready","FunctionType":""}
{"Module":"Shim","InstanceId":"2f31a933c72742abbb3bc508d32a5f8a","ContainerId":"2f31a933c72742abbb3bc508d32a5f8a","Timestamp":"2026-07-25T17:40:11.628682178Z","LogContent":"agent is ready","FunctionType":""}
{"Module":"Shim","InstanceId":"ac4a84fea07e422aaf9acbca0ca93d42","ContainerId":"ac4a84fea07e422aaf9acbca0ca93d42","Timestamp":"2026-07-25T17:40:11.619019444Z","LogContent":"create req start","FunctionType":""}
{"Module":"Shim","InstanceId":"ac4a84fea07e422aaf9acbca0ca93d42","ContainerId":"ac4a84fea07e422aaf9acbca0ca93d42","Timestamp":"2026-07-25T17:40:11.619113727Z","LogContent":"load spec finish at:0","FunctionType":""}
{"Module":"Shim","InstanceId":"ac4a84fea07e422aaf9acbca0ca93d42","ContainerId":"ac4a84fea07e422aaf9acbca0ca93d42","Timestamp":"2026-07-25T17:40:11.619116753Z","LogContent":"shim pid 61886","FunctionType":""}
{"Module":"Shim","InstanceId":"ac4a84fea07e422aaf9acbca0ca93d42","ContainerId":"ac4a84fea07e422aaf9acbca0ca93d42","Timestamp":"2026-07-25T17:40:11.619158258Z","LogContent":"snapshot restore init using snapshot_base:/usr/local/services/cubetoolbox/cube-snapshot/cubebox/tpl-c33298206d4846deac922031, memory_vol_url:file:///data/cubelet/storage/cubecow-reflink/volumes/tpl-tpl-c33298206d4846deac922031-memory/tpl-tpl-c33298206d4846deac922031-memory","FunctionType":""}
{"Module":"Shim","InstanceId":"ac4a84fea07e422aaf9acbca0ca93d42","ContainerId":"ac4a84fea07e422aaf9acbca0ca93d42","Timestamp":"2026-07-25T17:40:11.619163388Z","LogContent":"start vm start","FunctionType":""}
{"Module":"Shim","InstanceId":"ac4a84fea07e422aaf9acbca0ca93d42","ContainerId":"ac4a84fea07e422aaf9acbca0ca93d42","Timestamp":"2026-07-25T17:40:11.619875513Z","LogContent":"snapshot dir:file:///usr/local/services/cubetoolbox/cube-snapshot/cubebox/tpl-c33298206d4846deac922031/2C2000M/snapshot","FunctionType":""}
{"Module":"Shim","InstanceId":"8517f11b2a264e2a9a0147989408a40a","ContainerId":"8517f11b2a264e2a9a0147989408a40a","Timestamp":"2026-07-25T17:40:11.629657219Z","LogContent":"agent is ready","FunctionType":""}
{"Module":"Shim","InstanceId":"08a70338cb684dd3bbad5a9de1b8dd93","ContainerId":"08a70338cb684dd3bbad5a9de1b8dd93","Timestamp":"2026-07-25T17:40:11.619007129Z","LogContent":"shim pid 61878","FunctionType":""}
{"Module":"Shim","InstanceId":"e65d0cdf57a64fd89821b774cd314690","ContainerId":"e65d0cdf57a64fd89821b774cd314690","Timestamp":"2026-07-25T17:40:11.619512101Z","LogContent":"create req start","FunctionType":""}
{"Module":"Shim","InstanceId":"08a70338cb684dd3bbad5a9de1b8dd93","ContainerId":"08a70338cb684dd3bbad5a9de1b8dd93","Timestamp":"2026-07-25T17:40:11.619076451Z","LogContent":"snapshot restore init using snapshot_base:/usr/local/services/cubetoolbox/cube-snapshot/cubebox/tpl-c33298206d4846deac922031, memory_vol_url:file:///data/cubelet/storage/cubecow-reflink/volumes/tpl-tpl-c33298206d4846deac922031-memory/tpl-tpl-c33298206d4846deac922031-memory","FunctionType":""}
{"Module":"Shim","InstanceId":"08a70338cb684dd3bbad5a9de1b8dd93","ContainerId":"08a70338cb684dd3bbad5a9de1b8dd93","Timestamp":"2026-07-25T17:40:11.619084237Z","LogContent":"start vm start","FunctionType":""}
{"Module":"Shim","InstanceId":"08a70338cb684dd3bbad5a9de1b8dd93","ContainerId":"08a70338cb684dd3bbad5a9de1b8dd93","Timestamp":"2026-07-25T17:40:11.620008575Z","LogContent":"snapshot dir:file:///usr/local/services/cubetoolbox/cube-snapshot/cubebox/tpl-c33298206d4846deac922031/2C2000M/snapshot","FunctionType":""}
{"Module":"Shim","InstanceId":"08a70338cb684dd3bbad5a9de1b8dd93","ContainerId":"08a70338cb684dd3bbad5a9de1b8dd93","Timestamp":"2026-07-25T17:40:11.630392341Z","LogContent":"agent is ready","FunctionType":""}
{"Module":"Shim","InstanceId":"d37af8aa51c345069e4df92f8dee79a5","ContainerId":"d37af8aa51c345069e4df92f8dee79a5","Timestamp":"2026-07-25T17:40:11.618880049Z","LogContent":"create req start","FunctionType":""}
{"Module":"Shim","InstanceId":"d37af8aa51c345069e4df92f8dee79a5","ContainerId":"d37af8aa51c345069e4df92f8dee79a5","Timestamp":"2026-07-25T17:40:11.619001317Z","LogContent":"load spec finish at:0","FunctionType":""}
{"Module":"Shim","InstanceId":"e65d0cdf57a64fd89821b774cd314690","ContainerId":"e65d0cdf57a64fd89821b774cd314690","Timestamp":"2026-07-25T17:40:11.619600021Z","LogContent":"load spec finish at:0","FunctionType":""}
{"Module":"Shim","InstanceId":"e65d0cdf57a64fd89821b774cd314690","ContainerId":"e65d0cdf57a64fd89821b774cd314690","Timestamp":"2026-07-25T17:40:11.619602856Z","LogContent":"shim pid 61876","FunctionType":""}
{"Module":"Shim","InstanceId":"e65d0cdf57a64fd89821b774cd314690","ContainerId":"e65d0cdf57a64fd89821b774cd314690","Timestamp":"2026-07-25T17:40:11.61963888Z","LogContent":"snapshot restore init using snapshot_base:/usr/local/services/cubetoolbox/cube-snapshot/cubebox/tpl-c33298206d4846deac922031, memory_vol_url:file:///data/cubelet/storage/cubecow-reflink/volumes/tpl-tpl-c33298206d4846deac922031-memory/tpl-tpl-c33298206d4846deac922031-memory","FunctionType":""}
{"Module":"Shim","InstanceId":"e65d0cdf57a64fd89821b774cd314690","ContainerId":"e65d0cdf57a64fd89821b774cd314690","Timestamp":"2026-07-25T17:40:11.619643509Z","LogContent":"start vm start","FunctionType":""}
{"Module":"Shim","InstanceId":"e65d0cdf57a64fd89821b774cd314690","ContainerId":"e65d0cdf57a64fd89821b774cd314690","Timestamp":"2026-07-25T17:40:11.620310402Z","LogContent":"snapshot dir:file:///usr/local/services/cubetoolbox/cube-snapshot/cubebox/tpl-c33298206d4846deac922031/2C2000M/snapshot","FunctionType":""}
{"Module":"Shim","InstanceId":"e65d0cdf57a64fd89821b774cd314690","ContainerId":"e65d0cdf57a64fd89821b774cd314690","Timestamp":"2026-07-25T17:40:11.631842214Z","LogContent":"agent is ready","FunctionType":""}
{"Module":"Shim","InstanceId":"d37af8aa51c345069e4df92f8dee79a5","ContainerId":"d37af8aa51c345069e4df92f8dee79a5","Timestamp":"2026-07-25T17:40:11.619006327Z","LogContent":"shim pid 61877","FunctionType":""}
{"Module":"Shim","InstanceId":"d37af8aa51c345069e4df92f8dee79a5","ContainerId":"d37af8aa51c345069e4df92f8dee79a5","Timestamp":"2026-07-25T17:40:11.619076571Z","LogContent":"snapshot restore init using snapshot_base:/usr/local/services/cubetoolbox/cube-snapshot/cubebox/tpl-c33298206d4846deac922031, memory_vol_url:file:///data/cubelet/storage/cubecow-reflink/volumes/tpl-tpl-c33298206d4846deac922031-memory/tpl-tpl-c33298206d4846deac922031-memory","FunctionType":""}
{"Module":"Shim","InstanceId":"d37af8aa51c345069e4df92f8dee79a5","ContainerId":"d37af8aa51c345069e4df92f8dee79a5","Timestamp":"2026-07-25T17:40:11.61908577Z","LogContent":"start vm start","FunctionType":""}
{"Module":"Shim","InstanceId":"2f31a933c72742abbb3bc508d32a5f8a","ContainerId":"2f31a933c72742abbb3bc508d32a5f8a","Timestamp":"2026-07-25T17:40:11.633689398Z","LogContent":"found pmem:Pmem { file: \"/usr/local/services/cubetoolbox/cubebox_os_image/rfs-012559831ee02da517a1ae56/rfs-012559831ee02da517a1ae56.ext4\", discard_writes: true, source_dir: \"/\", fs_type: \"ext4\", size: Some(1073741824), id: \"pmem-cubebox-image-0\", placeholder: false }","FunctionType":""}
{"Module":"Shim","InstanceId":"e65d0cdf57a64fd89821b774cd314690","ContainerId":"e65d0cdf57a64fd89821b774cd314690","Timestamp":"2026-07-25T17:40:11.634953471Z","LogContent":"found pmem:Pmem { file: \"/usr/local/services/cubetoolbox/cubebox_os_image/rfs-012559831ee02da517a1ae56/rfs-012559831ee02da517a1ae56.ext4\", discard_writes: true, source_dir: \"/\", fs_type: \"ext4\", size: Some(1073741824), id: \"pmem-cubebox-image-0\", placeholder: false }","FunctionType":""}
{"Module":"Shim","InstanceId":"2f31a933c72742abbb3bc508d32a5f8a","ContainerId":"2f31a933c72742abbb3bc508d32a5f8a","Timestamp":"2026-07-25T17:40:11.635134952Z","LogContent":"start sandbox finish at:16","FunctionType":""}
{"Module":"Shim","InstanceId":"b2efe8f91b9c4b7fb3e92a5ef4f4ff3e","ContainerId":"b2efe8f91b9c4b7fb3e92a5ef4f4ff3e","Timestamp":"2026-07-25T17:40:11.633674869Z","LogContent":"found pmem:Pmem { file: \"/usr/local/services/cubetoolbox/cubebox_os_image/rfs-012559831ee02da517a1ae56/rfs-012559831ee02da517a1ae56.ext4\", discard_writes: true, source_dir: \"/\", fs_type: \"ext4\", size: Some(1073741824), id: \"pmem-cubebox-image-0\", placeholder: false }","FunctionType":""}
{"Module":"Shim","InstanceId":"b2efe8f91b9c4b7fb3e92a5ef4f4ff3e","ContainerId":"b2efe8f91b9c4b7fb3e92a5ef4f4ff3e","Timestamp":"2026-07-25T17:40:11.635103748Z","LogContent":"start sandbox finish at:15","FunctionType":""}
{"Module":"Shim","InstanceId":"cc052924ff934beb996a1f22a277345f","ContainerId":"cc052924ff934beb996a1f22a277345f","Timestamp":"2026-07-25T17:40:11.635611626Z","LogContent":"agent is ready","FunctionType":""}
{"Module":"Shim","InstanceId":"d37af8aa51c345069e4df92f8dee79a5","ContainerId":"d37af8aa51c345069e4df92f8dee79a5","Timestamp":"2026-07-25T17:40:11.619801673Z","LogContent":"snapshot dir:file:///usr/local/services/cubetoolbox/cube-snapshot/cubebox/tpl-c33298206d4846deac922031/2C2000M/snapshot","FunctionType":""}
{"Module":"Shim","InstanceId":"d37af8aa51c345069e4df92f8dee79a5","ContainerId":"d37af8aa51c345069e4df92f8dee79a5","Timestamp":"2026-07-25T17:40:11.632984959Z","LogContent":"agent is ready","FunctionType":""}
{"Module":"Shim","InstanceId":"c6b9e81323394aafa4e2de1c6f2e4686","ContainerId":"c6b9e81323394aafa4e2de1c6f2e4686","Timestamp":"2026-07-25T17:40:11.619999066Z","LogContent":"create req start","FunctionType":""}
{"Module":"Shim","InstanceId":"e65d0cdf57a64fd89821b774cd314690","ContainerId":"e65d0cdf57a64fd89821b774cd314690","Timestamp":"2026-07-25T17:40:11.636477555Z","LogContent":"start sandbox finish at:16","FunctionType":""}
{"Module":"Shim","InstanceId":"e65d0cdf57a64fd89821b774cd314690","ContainerId":"e65d0cdf57a64fd89821b774cd314690","Timestamp":"2026-07-25T17:40:11.636677654Z","LogContent":"{\"msg\":\"receive create sandbox\",\"level\":\"INFO\",\"ts\":\"2026-07-25T17:40:11.633977417Z\"}\r","FunctionType":""}
{"Module":"Shim","InstanceId":"e65d0cdf57a64fd89821b774cd314690","ContainerId":"e65d0cdf57a64fd89821b774cd314690","Timestamp":"2026-07-25T17:40:11.63673938Z","LogContent":"{\"msg\":\"create sandbox!, add storage:0ms\",\"level\":\"INFO\",\"ts\":\"2026-07-25T17:40:11.634026429Z\"}\r","FunctionType":""}
{"Module":"Shim","InstanceId":"ac4a84fea07e422aaf9acbca0ca93d42","ContainerId":"ac4a84fea07e422aaf9acbca0ca93d42","Timestamp":"2026-07-25T17:40:11.635612598Z","LogContent":"agent is ready","FunctionType":""}
{"Module":"Shim","InstanceId":"4dbe4154f67a4292adc0cd7bf48e0ebc","ContainerId":"4dbe4154f67a4292adc0cd7bf48e0ebc","Timestamp":"2026-07-25T17:40:11.618881793Z","LogContent":"create req start","FunctionType":""}
{"Module":"Shim","InstanceId":"e65d0cdf57a64fd89821b774cd314690","ContainerId":"e65d0cdf57a64fd89821b774cd314690","Timestamp":"2026-07-25T17:40:11.638112846Z","LogContent":"{\"msg\":\"[cube-strace]recv create container\",\"level\":\"INFO\",\"ts\":\"2026-07-25T17:40:11.63584179Z\"}\r","FunctionType":""}
{"Module":"Shim","InstanceId":"b2efe8f91b9c4b7fb3e92a5ef4f4ff3e","ContainerId":"b2efe8f91b9c4b7fb3e92a5ef4f4ff3e","Timestamp":"2026-07-25T17:40:11.638363048Z","LogContent":"{\"msg\":\"receive create sandbox\",\"level\":\"INFO\",\"ts\":\"2026-07-25T17:40:11.630393741Z\"}\r","FunctionType":""}
{"Module":"Shim","InstanceId":"e65d0cdf57a64fd89821b774cd314690","ContainerId":"e65d0cdf57a64fd89821b774cd314690","Timestamp":"2026-07-25T17:40:11.638366926Z","LogContent":"{\"msgexec a child process\r","FunctionType":""}
{"Module":"Shim","InstanceId":"c6b9e81323394aafa4e2de1c6f2e4686","ContainerId":"c6b9e81323394aafa4e2de1c6f2e4686","Timestamp":"2026-07-25T17:40:11.62008437Z","LogContent":"load spec finish at:0","FunctionType":""}
{"Module":"Shim","InstanceId":"b2efe8f91b9c4b7fb3e92a5ef4f4ff3e","ContainerId":"b2efe8f91b9c4b7fb3e92a5ef4f4ff3e","Timestamp":"2026-07-25T17:40:11.638422088Z","LogContent":"{\"msg\":\"create sandbox!, add storage:0ms\",\"level\":\"INFO\",\"ts\":\"2026-07-25T17:40:11.630453142Z\"}\r","FunctionType":""}
{"Module":"Shim","InstanceId":"c6b9e81323394aafa4e2de1c6f2e4686","ContainerId":"c6b9e81323394aafa4e2de1c6f2e4686","Timestamp":"2026-07-25T17:40:11.620087837Z","LogContent":"shim pid 61883","FunctionType":""}
{"Module":"Shim","InstanceId":"c6b9e81323394aafa4e2de1c6f2e4686","ContainerId":"c6b9e81323394aafa4e2de1c6f2e4686","Timestamp":"2026-07-25T17:40:11.620126005Z","LogContent":"snapshot restore init using snapshot_base:/usr/local/services/cubetoolbox/cube-snapshot/cubebox/tpl-c33298206d4846deac922031, memory_vol_url:file:///data/cubelet/storage/cubecow-reflink/volumes/tpl-tpl-c33298206d4846deac922031-memory/tpl-tpl-c33298206d4846deac922031-memory","FunctionType":""}
{"Module":"Shim","InstanceId":"c6b9e81323394aafa4e2de1c6f2e4686","ContainerId":"c6b9e81323394aafa4e2de1c6f2e4686","Timestamp":"2026-07-25T17:40:11.620130835Z","LogContent":"start vm start","FunctionType":""}
{"Module":"Shim","InstanceId":"c6b9e81323394aafa4e2de1c6f2e4686","ContainerId":"c6b9e81323394aafa4e2de1c6f2e4686","Timestamp":"2026-07-25T17:40:11.620769059Z","LogContent":"snapshot dir:file:///usr/local/services/cubetoolbox/cube-snapshot/cubebox/tpl-c33298206d4846deac922031/2C2000M/snapshot","FunctionType":""}
{"Module":"Shim","InstanceId":"4dbe4154f67a4292adc0cd7bf48e0ebc","ContainerId":"4dbe4154f67a4292adc0cd7bf48e0ebc","Timestamp":"2026-07-25T17:40:11.619000225Z","LogContent":"load spec finish at:0","FunctionType":""}
{"Module":"Shim","InstanceId":"4dbe4154f67a4292adc0cd7bf48e0ebc","ContainerId":"4dbe4154f67a4292adc0cd7bf48e0ebc","Timestamp":"2026-07-25T17:40:11.619011548Z","LogContent":"shim pid 61875","FunctionType":""}
{"Module":"Shim","InstanceId":"4dbe4154f67a4292adc0cd7bf48e0ebc","ContainerId":"4dbe4154f67a4292adc0cd7bf48e0ebc","Timestamp":"2026-07-25T17:40:11.619077894Z","LogContent":"snapshot restore init using snapshot_base:/usr/local/services/cubetoolbox/cube-snapshot/cubebox/tpl-c33298206d4846deac922031, memory_vol_url:file:///data/cubelet/storage/cubecow-reflink/volumes/tpl-tpl-c33298206d4846deac922031-memory/tpl-tpl-c33298206d4846deac922031-memory","FunctionType":""}
{"Module":"Shim","InstanceId":"cc052924ff934beb996a1f22a277345f","ContainerId":"cc052924ff934beb996a1f22a277345f","Timestamp":"2026-07-25T17:40:11.638806474Z","LogContent":"found pmem:Pmem { file: \"/usr/local/services/cubetoolbox/cubebox_os_image/rfs-012559831ee02da517a1ae56/rfs-012559831ee02da517a1ae56.ext4\", discard_writes: true, source_dir: \"/\", fs_type: \"ext4\", size: Some(1073741824), id: \"pmem-cubebox-image-0\", placeholder: false }","FunctionType":""}
{"Module":"Shim","InstanceId":"4dbe4154f67a4292adc0cd7bf48e0ebc","ContainerId":"4dbe4154f67a4292adc0cd7bf48e0ebc","Timestamp":"2026-07-25T17:40:11.619091031Z","LogContent":"start vm start","FunctionType":""}
{"Module":"Shim","InstanceId":"e65d0cdf57a64fd89821b774cd314690","ContainerId":"e65d0cdf57a64fd89821b774cd314690","Timestamp":"2026-07-25T17:40:11.6395292Z","LogContent":"\":\"create container by restore\",\"level\":\"INFO\",\"ts\":\"2026-07-25T17:40:11.63620334Z\"}\r","FunctionType":""}
{"Module":"Shim","InstanceId":"4dbe4154f67a4292adc0cd7bf48e0ebc","ContainerId":"4dbe4154f67a4292adc0cd7bf48e0ebc","Timestamp":"2026-07-25T17:40:11.619801622Z","LogContent":"snapshot dir:file:///usr/local/services/cubetoolbox/cube-snapshot/cubebox/tpl-c33298206d4846deac922031/2C2000M/snapshot","FunctionType":""}
{"Module":"Shim","InstanceId":"c6b9e81323394aafa4e2de1c6f2e4686","ContainerId":"c6b9e81323394aafa4e2de1c6f2e4686","Timestamp":"2026-07-25T17:40:11.640653518Z","LogContent":"agent is ready","FunctionType":""}
{"Module":"Shim","InstanceId":"b2efe8f91b9c4b7fb3e92a5ef4f4ff3e","ContainerId":"b2efe8f91b9c4b7fb3e92a5ef4f4ff3e","Timestamp":"2026-07-25T17:40:11.640903669Z","LogContent":"exec a child process\r","FunctionType":""}
{"Module":"Shim","InstanceId":"cc052924ff934beb996a1f22a277345f","ContainerId":"cc052924ff934beb996a1f22a277345f","Timestamp":"2026-07-25T17:40:11.640962499Z","LogContent":"{\"msg\":\"receive create sandbox\",\"level\":\"INFO\",\"ts\":\"2026-07-25T17:40:11.6385279Z\"}\r","FunctionType":""}
{"Module":"Shim","InstanceId":"cc052924ff934beb996a1f22a277345f","ContainerId":"cc052924ff934beb996a1f22a277345f","Timestamp":"2026-07-25T17:40:11.64104623Z","LogContent":"{\"msg\":\"create sandbox!, add storage:0ms\",\"level\":\"INFO\",\"ts\":\"2026-07-25T17:40:11.638582051Z\"}\r","FunctionType":""}
{"Module":"Shim","InstanceId":"08a70338cb684dd3bbad5a9de1b8dd93","ContainerId":"08a70338cb684dd3bbad5a9de1b8dd93","Timestamp":"2026-07-25T17:40:11.642050823Z","LogContent":"found pmem:Pmem { file: \"/usr/local/services/cubetoolbox/cubebox_os_image/rfs-012559831ee02da517a1ae56/rfs-012559831ee02da517a1ae56.ext4\", discard_writes: true, source_dir: \"/\", fs_type: \"ext4\", size: Some(1073741824), id: \"pmem-cubebox-image-0\", placeholder: false }","FunctionType":""}
{"Module":"Shim","InstanceId":"cc052924ff934beb996a1f22a277345f","ContainerId":"cc052924ff934beb996a1f22a277345f","Timestamp":"2026-07-25T17:40:11.642182381Z","LogContent":"start sandbox finish at:23","FunctionType":""}
{"Module":"Shim","InstanceId":"8517f11b2a264e2a9a0147989408a40a","ContainerId":"8517f11b2a264e2a9a0147989408a40a","Timestamp":"2026-07-25T17:40:11.641940016Z","LogContent":"found pmem:Pmem { file: \"/usr/local/services/cubetoolbox/cubebox_os_image/rfs-012559831ee02da517a1ae56/rfs-012559831ee02da517a1ae56.ext4\", discard_writes: true, source_dir: \"/\", fs_type: \"ext4\", size: Some(1073741824), id: \"pmem-cubebox-image-0\", placeholder: false }","FunctionType":""}
{"Module":"Shim","InstanceId":"4dbe4154f67a4292adc0cd7bf48e0ebc","ContainerId":"4dbe4154f67a4292adc0cd7bf48e0ebc","Timestamp":"2026-07-25T17:40:11.642907643Z","LogContent":"agent is ready","FunctionType":""}
{"Module":"Shim","InstanceId":"b2efe8f91b9c4b7fb3e92a5ef4f4ff3e","ContainerId":"b2efe8f91b9c4b7fb3e92a5ef4f4ff3e","Timestamp":"2026-07-25T17:40:11.643295165Z","LogContent":"{\"msg\":\"[cube-strace]recv create container\",\"level\":\"INFO\",\"ts\":\"2026-07-25T17:40:11.634472757Z\"}\r","FunctionType":""}
{"Module":"Shim","InstanceId":"2f31a933c72742abbb3bc508d32a5f8a","ContainerId":"2f31a933c72742abbb3bc508d32a5f8a","Timestamp":"2026-07-25T17:40:11.643339836Z","LogContent":"exec a child process\r","FunctionType":""}
{"Module":"Shim","InstanceId":"2f31a933c72742abbb3bc508d32a5f8a","ContainerId":"2f31a933c72742abbb3bc508d32a5f8a","Timestamp":"2026-07-25T17:40:11.643499292Z","LogContent":"{\"msg\":\"receive create sandbox\",\"level\":\"INFO\",\"ts\":\"2026-07-25T17:40:11.631681175Z\"}\r","FunctionType":""}
{"Module":"Shim","InstanceId":"2f31a933c72742abbb3bc508d32a5f8a","ContainerId":"2f31a933c72742abbb3bc508d32a5f8a","Timestamp":"2026-07-25T17:40:11.643545386Z","LogContent":"{\"msg\":\"create sandbox!, add storage:0ms\",\"level\":\"INFO\",\"ts\":\"2026-07-25T17:40:11.631737441Z\"}\r","FunctionType":""}
{"Module":"Shim","InstanceId":"2f31a933c72742abbb3bc508d32a5f8a","ContainerId":"2f31a933c72742abbb3bc508d32a5f8a","Timestamp":"2026-07-25T17:40:11.643786789Z","LogContent":"{\"msg\":\"[cube-strace]recv create container\",\"level\":\"INFO\",\"ts\":\"2026-07-25T17:40:11.632524691Z\"}\r","FunctionType":""}
{"Module":"Shim","InstanceId":"2f31a933c72742abbb3bc508d32a5f8a","ContainerId":"2f31a933c72742abbb3bc508d32a5f8a","Timestamp":"2026-07-25T17:40:11.643813003Z","LogContent":"{\"msg\":\"create container by restore\",\"level\":\"INFO\",\"ts\":\"2026-07-25T17:40:11.632741989Z\"}\r","FunctionType":""}
{"Module":"Shim","InstanceId":"b2efe8f91b9c4b7fb3e92a5ef4f4ff3e","ContainerId":"b2efe8f91b9c4b7fb3e92a5ef4f4ff3e","Timestamp":"2026-07-25T17:40:11.643301077Z","LogContent":"{\"msg\":\"create container by restore\",\"level\":\"INFO\",\"ts\":\"2026-07-25T17:40:11.634678624Z\"}\r","FunctionType":""}
{"Module":"Shim","InstanceId":"08a70338cb684dd3bbad5a9de1b8dd93","ContainerId":"08a70338cb684dd3bbad5a9de1b8dd93","Timestamp":"2026-07-25T17:40:11.644678511Z","LogContent":"start sandbox finish at:25","FunctionType":""}
{"Module":"Shim","InstanceId":"ac4a84fea07e422aaf9acbca0ca93d42","ContainerId":"ac4a84fea07e422aaf9acbca0ca93d42","Timestamp":"2026-07-25T17:40:11.644097254Z","LogContent":"found pmem:Pmem { file: \"/usr/local/services/cubetoolbox/cubebox_os_image/rfs-012559831ee02da517a1ae56/rfs-012559831ee02da517a1ae56.ext4\", discard_writes: true, source_dir: \"/\", fs_type: \"ext4\", size: Some(1073741824), id: \"pmem-cubebox-image-0\", placeholder: false }","FunctionType":""}
{"Module":"Shim","InstanceId":"cc052924ff934beb996a1f22a277345f","ContainerId":"cc052924ff934beb996a1f22a277345f","Timestamp":"2026-07-25T17:40:11.64546098Z","LogContent":"exec a child process\r","FunctionType":""}
{"Module":"Shim","InstanceId":"e65d0cdf57a64fd89821b774cd314690","ContainerId":"e65d0cdf57a64fd89821b774cd314690","Timestamp":"2026-07-25T17:40:11.646835408Z","LogContent":"exec process start\r","FunctionType":""}
{"Module":"Shim","InstanceId":"08a70338cb684dd3bbad5a9de1b8dd93","ContainerId":"08a70338cb684dd3bbad5a9de1b8dd93","Timestamp":"2026-07-25T17:40:11.647160162Z","LogContent":"exec a child process\r","FunctionType":""}
{"Module":"Shim","InstanceId":"d37af8aa51c345069e4df92f8dee79a5","ContainerId":"d37af8aa51c345069e4df92f8dee79a5","Timestamp":"2026-07-25T17:40:11.6431558Z","LogContent":"found pmem:Pmem { file: \"/usr/local/services/cubetoolbox/cubebox_os_image/rfs-012559831ee02da517a1ae56/rfs-012559831ee02da517a1ae56.ext4\", discard_writes: true, source_dir: \"/\", fs_type: \"ext4\", size: Some(1073741824), id: \"pmem-cubebox-image-0\", placeholder: false }","FunctionType":""}
{"Module":"Shim","InstanceId":"d37af8aa51c345069e4df92f8dee79a5","ContainerId":"d37af8aa51c345069e4df92f8dee79a5","Timestamp":"2026-07-25T17:40:11.647894943Z","LogContent":"start sandbox finish at:28","FunctionType":""}
{"Module":"Shim","InstanceId":"e65d0cdf57a64fd89821b774cd314690","ContainerId":"e65d0cdf57a64fd89821b774cd314690","Timestamp":"2026-07-25T17:40:11.648137038Z","LogContent":"start container finish at:28","FunctionType":""}
{"Module":"Shim","InstanceId":"e65d0cdf57a64fd89821b774cd314690","ContainerId":"e65d0cdf57a64fd89821b774cd314690","Timestamp":"2026-07-25T17:40:11.648142028Z","LogContent":"create req finish","FunctionType":""}
{"Module":"Shim","InstanceId":"08a70338cb684dd3bbad5a9de1b8dd93","ContainerId":"08a70338cb684dd3bbad5a9de1b8dd93","Timestamp":"2026-07-25T17:40:11.648493095Z","LogContent":"{\"msg\":\"receive create sandbox\",\"level\":\"INFO\",\"ts\":\"2026-07-25T17:40:11.632932266Z\"}\r","FunctionType":""}
{"Module":"Shim","InstanceId":"08a70338cb684dd3bbad5a9de1b8dd93","ContainerId":"08a70338cb684dd3bbad5a9de1b8dd93","Timestamp":"2026-07-25T17:40:11.648533277Z","LogContent":"{\"msg\":\"create sandbox!, add storage:0ms\",\"level\":\"INFO\",\"ts\":\"2026-07-25T17:40:11.632979636Z\"}\r","FunctionType":""}
{"Module":"Shim","InstanceId":"08a70338cb684dd3bbad5a9de1b8dd93","ContainerId":"08a70338cb684dd3bbad5a9de1b8dd93","Timestamp":"2026-07-25T17:40:11.64855917Z","LogContent":"{\"msg\":\"[cube-strace]recv create container\",\"level\":\"INFO\",\"ts\":\"2026-07-25T17:40:11.636188657Z\"}\r","FunctionType":""}
{"Module":"Shim","InstanceId":"08a70338cb684dd3bbad5a9de1b8dd93","ContainerId":"08a70338cb684dd3bbad5a9de1b8dd93","Timestamp":"2026-07-25T17:40:11.64861276Z","LogContent":"{\"msg\":\"create container by restore\",\"level\":\"INFO\",\"ts\":\"2026-07-25T17:40:11.636443005Z\"}\r","FunctionType":""}
{"Module":"Shim","InstanceId":"d37af8aa51c345069e4df92f8dee79a5","ContainerId":"d37af8aa51c345069e4df92f8dee79a5","Timestamp":"2026-07-25T17:40:11.648831797Z","LogContent":"{\"msg\":\"receive create sandbox\",\"level\":\"INFO\",\"ts\":\"2026-07-25T17:40:11.641513589Z\"}\r","FunctionType":""}
{"Module":"Shim","InstanceId":"d37af8aa51c345069e4df92f8dee79a5","ContainerId":"d37af8aa51c345069e4df92f8dee79a5","Timestamp":"2026-07-25T17:40:11.648862921Z","LogContent":"{\"msg\":\"create sandbox!, add storage:0ms\",\"level\":\"INFO\",\"ts\":\"2026-07-25T17:40:11.641564745Z\"}\r","FunctionType":""}
{"Module":"Shim","InstanceId":"e65d0cdf57a64fd89821b774cd314690","ContainerId":"e65d0cdf57a64fd89821b774cd314690","Timestamp":"2026-07-25T17:40:11.649046997Z","LogContent":"start request, id:e65d0cdf57a64fd89821b774cd314690, execid:","FunctionType":""}
{"Module":"Shim","InstanceId":"e65d0cdf57a64fd89821b774cd314690","ContainerId":"e65d0cdf57a64fd89821b774cd314690","Timestamp":"2026-07-25T17:40:11.649247166Z","LogContent":"wait req start, id:e65d0cdf57a64fd89821b774cd314690, execid:","FunctionType":""}
{"Module":"Shim","InstanceId":"4dbe4154f67a4292adc0cd7bf48e0ebc","ContainerId":"4dbe4154f67a4292adc0cd7bf48e0ebc","Timestamp":"2026-07-25T17:40:11.649251274Z","LogContent":"found pmem:Pmem { file: \"/usr/local/services/cubetoolbox/cubebox_os_image/rfs-012559831ee02da517a1ae56/rfs-012559831ee02da517a1ae56.ext4\", discard_writes: true, source_dir: \"/\", fs_type: \"ext4\", size: Some(1073741824), id: \"pmem-cubebox-image-0\", placeholder: false }","FunctionType":""}
{"Module":"Shim","InstanceId":"ac4a84fea07e422aaf9acbca0ca93d42","ContainerId":"ac4a84fea07e422aaf9acbca0ca93d42","Timestamp":"2026-07-25T17:40:11.649303461Z","LogContent":"start sandbox finish at:30","FunctionType":""}
{"Module":"Shim","InstanceId":"c6b9e81323394aafa4e2de1c6f2e4686","ContainerId":"c6b9e81323394aafa4e2de1c6f2e4686","Timestamp":"2026-07-25T17:40:11.648665377Z","LogContent":"found pmem:Pmem { file: \"/usr/local/services/cubetoolbox/cubebox_os_image/rfs-012559831ee02da517a1ae56/rfs-012559831ee02da517a1ae56.ext4\", discard_writes: true, source_dir: \"/\", fs_type: \"ext4\", size: Some(1073741824), id: \"pmem-cubebox-image-0\", placeholder: false }","FunctionType":""}
{"Module":"Shim","InstanceId":"d37af8aa51c345069e4df92f8dee79a5","ContainerId":"d37af8aa51c345069e4df92f8dee79a5","Timestamp":"2026-07-25T17:40:11.649822221Z","LogContent":"exec a child process\r","FunctionType":""}
{"Module":"Shim","InstanceId":"8517f11b2a264e2a9a0147989408a40a","ContainerId":"8517f11b2a264e2a9a0147989408a40a","Timestamp":"2026-07-25T17:40:11.648880617Z","LogContent":"start sandbox finish at:28","FunctionType":""}
{"Module":"Shim","InstanceId":"e65d0cdf57a64fd89821b774cd314690","ContainerId":"e65d0cdf57a64fd89821b774cd314690","Timestamp":"2026-07-25T17:40:11.649300225Z","LogContent":"starting log forwarding for container:e65d0cdf57a64fd89821b774cd314690 stdout:stdout stderr:stderr","FunctionType":""}
{"Module":"Shim","InstanceId":"8517f11b2a264e2a9a0147989408a40a","ContainerId":"8517f11b2a264e2a9a0147989408a40a","Timestamp":"2026-07-25T17:40:11.650725477Z","LogContent":"{\"msg\":\"receive create sandbox\",\"level\":\"INFO\",\"ts\":\"2026-07-25T17:40:11.638933988Z\"}\r","FunctionType":""}
{"Module":"Shim","InstanceId":"8517f11b2a264e2a9a0147989408a40a","ContainerId":"8517f11b2a264e2a9a0147989408a40a","Timestamp":"2026-07-25T17:40:11.650794307Z","LogContent":"{\"msg\":\"create sandbox!, add storage:0ms\",\"level\":\"INFO\",\"ts\":\"2026-07-25T17:40:11.638981738Z\"}\r","FunctionType":""}
{"Module":"Shim","InstanceId":"e65d0cdf57a64fd89821b774cd314690","ContainerId":"e65d0cdf57a64fd89821b774cd314690","Timestamp":"2026-07-25T17:40:11.649319674Z","LogContent":"start req finish","FunctionType":""}
{"Module":"Shim","InstanceId":"e65d0cdf57a64fd89821b774cd314690","ContainerId":"e65d0cdf57a64fd89821b774cd314690","Timestamp":"2026-07-25T17:40:11.650094237Z","LogContent":"wait process start","FunctionType":""}
{"Module":"Shim","InstanceId":"e65d0cdf57a64fd89821b774cd314690","ContainerId":"e65d0cdf57a64fd89821b774cd314690","Timestamp":"2026-07-25T17:40:11.650160322Z","LogContent":"forward init log stderr start","FunctionType":""}
{"Module":"Shim","InstanceId":"e65d0cdf57a64fd89821b774cd314690","ContainerId":"e65d0cdf57a64fd89821b774cd314690","Timestamp":"2026-07-25T17:40:11.650761791Z","LogContent":"forward init log stdout start","FunctionType":""}
{"Module":"Shim","InstanceId":"e65d0cdf57a64fd89821b774cd314690","ContainerId":"e65d0cdf57a64fd89821b774cd314690","Timestamp":"2026-07-25T17:40:11.651038927Z","LogContent":"{\"msg\":\"wait process\",\"level\":\"INFO\",\"ts\":\"2026-07-25T17:40:11.648304564Z\",\"exec-id\":\"\",\"container-id\":\"tpl-c33298206d4846deac922031_0\"}\r","FunctionType":""}
{"Module":"Shim","InstanceId":"e65d0cdf57a64fd89821b774cd314690","ContainerId":"e65d0cdf57a64fd89821b774cd314690","Timestamp":"2026-07-25T17:40:11.651043446Z","LogContent":"{\"msg\":\"cid tpl-c33298206d4846deac922031_0 eid  waiting for exit signal\",\"level\":\"INFO\",\"ts\":\"2026-07-25T17:40:11.648322608Z\"}\r","FunctionType":""}
{"Module":"Shim","InstanceId":"4dbe4154f67a4292adc0cd7bf48e0ebc","ContainerId":"4dbe4154f67a4292adc0cd7bf48e0ebc","Timestamp":"2026-07-25T17:40:11.651374443Z","LogContent":"{\"msg\":\"receive create sandbox\",\"level\":\"INFO\",\"ts\":\"2026-07-25T17:40:11.646016246Z\"}\r","FunctionType":""}
{"Module":"Shim","InstanceId":"4dbe4154f67a4292adc0cd7bf48e0ebc","ContainerId":"4dbe4154f67a4292adc0cd7bf48e0ebc","Timestamp":"2026-07-25T17:40:11.651456641Z","LogContent":"{\"msg\":\"create sandbox!, add storage:0ms\",\"level\":\"INFO\",\"ts\":\"2026-07-25T17:40:11.646259443Z\"}\r","FunctionType":""}
{"Module":"Shim","InstanceId":"b2efe8f91b9c4b7fb3e92a5ef4f4ff3e","ContainerId":"b2efe8f91b9c4b7fb3e92a5ef4f4ff3e","Timestamp":"2026-07-25T17:40:11.649019331Z","LogContent":"exec process start\r","FunctionType":""}
{"Module":"Shim","InstanceId":"c6b9e81323394aafa4e2de1c6f2e4686","ContainerId":"c6b9e81323394aafa4e2de1c6f2e4686","Timestamp":"2026-07-25T17:40:11.651925569Z","LogContent":"{\"msg\":\"receive create sandbox\",\"level\":\"INFO\",\"ts\":\"2026-07-25T17:40:11.647010684Z\"}\r","FunctionType":""}
{"Module":"Shim","InstanceId":"b2efe8f91b9c4b7fb3e92a5ef4f4ff3e","ContainerId":"b2efe8f91b9c4b7fb3e92a5ef4f4ff3e","Timestamp":"2026-07-25T17:40:11.650343877Z","LogContent":"start container finish at:30","FunctionType":""}
{"Module":"Shim","InstanceId":"b2efe8f91b9c4b7fb3e92a5ef4f4ff3e","ContainerId":"b2efe8f91b9c4b7fb3e92a5ef4f4ff3e","Timestamp":"2026-07-25T17:40:11.650348747Z","LogContent":"create req finish","FunctionType":""}
{"Module":"Shim","InstanceId":"b2efe8f91b9c4b7fb3e92a5ef4f4ff3e","ContainerId":"b2efe8f91b9c4b7fb3e92a5ef4f4ff3e","Timestamp":"2026-07-25T17:40:11.651995802Z","LogContent":"start request, id:b2efe8f91b9c4b7fb3e92a5ef4f4ff3e, execid:","FunctionType":""}
{"Module":"Shim","InstanceId":"b2efe8f91b9c4b7fb3e92a5ef4f4ff3e","ContainerId":"b2efe8f91b9c4b7fb3e92a5ef4f4ff3e","Timestamp":"2026-07-25T17:40:11.652130377Z","LogContent":"wait req start, id:b2efe8f91b9c4b7fb3e92a5ef4f4ff3e, execid:","FunctionType":""}
{"Module":"Shim","InstanceId":"ac4a84fea07e422aaf9acbca0ca93d42","ContainerId":"ac4a84fea07e422aaf9acbca0ca93d42","Timestamp":"2026-07-25T17:40:11.652276005Z","LogContent":"exec a child process\r","FunctionType":""}
{"Module":"Shim","InstanceId":"2f31a933c72742abbb3bc508d32a5f8a","ContainerId":"2f31a933c72742abbb3bc508d32a5f8a","Timestamp":"2026-07-25T17:40:11.652440321Z","LogContent":"exec process start\r","FunctionType":""}
{"Module":"Shim","InstanceId":"8517f11b2a264e2a9a0147989408a40a","ContainerId":"8517f11b2a264e2a9a0147989408a40a","Timestamp":"2026-07-25T17:40:11.654386257Z","LogContent":"exec a child process\r","FunctionType":""}
{"Module":"Shim","InstanceId":"4dbe4154f67a4292adc0cd7bf48e0ebc","ContainerId":"4dbe4154f67a4292adc0cd7bf48e0ebc","Timestamp":"2026-07-25T17:40:11.654465078Z","LogContent":"start sandbox finish at:35","FunctionType":""}
{"Module":"Shim","InstanceId":"ac4a84fea07e422aaf9acbca0ca93d42","ContainerId":"ac4a84fea07e422aaf9acbca0ca93d42","Timestamp":"2026-07-25T17:40:11.654914035Z","LogContent":"{\"msg\":\"receive create sandbox\",\"level\":\"INFO\",\"ts\":\"2026-07-25T17:40:11.642006891Z\"}\r","FunctionType":""}
{"Module":"Shim","InstanceId":"c6b9e81323394aafa4e2de1c6f2e4686","ContainerId":"c6b9e81323394aafa4e2de1c6f2e4686","Timestamp":"2026-07-25T17:40:11.654337206Z","LogContent":"{\"msg\":\"create sandbox!, add storage:0ms\",\"level\":\"INFO\",\"ts\":\"2026-07-25T17:40:11.650394223Z\"}\r","FunctionType":""}
{"Module":"Shim","InstanceId":"ac4a84fea07e422aaf9acbca0ca93d42","ContainerId":"ac4a84fea07e422aaf9acbca0ca93d42","Timestamp":"2026-07-25T17:40:11.654939637Z","LogContent":"{\"msg\":\"create sandbox!, add storage:0ms\",\"level\":\"INFO\",\"ts\":\"2026-07-25T17:40:11.642055532Z\"}\r","FunctionType":""}
{"Module":"Shim","InstanceId":"ac4a84fea07e422aaf9acbca0ca93d42","ContainerId":"ac4a84fea07e422aaf9acbca0ca93d42","Timestamp":"2026-07-25T17:40:11.655104103Z","LogContent":"{\"msg\":\"[cube-strace]recv create container\",\"level\":\"INFO\",\"ts\":\"2026-07-25T17:40:11.647919473Z\"}\r","FunctionType":""}
{"Module":"Shim","InstanceId":"ac4a84fea07e422aaf9acbca0ca93d42","ContainerId":"ac4a84fea07e422aaf9acbca0ca93d42","Timestamp":"2026-07-25T17:40:11.655131459Z","LogContent":"{\"msg\":\"create container by restore\",\"level\":\"INFO\",\"ts\":\"2026-07-25T17:40:11.647927098Z\"}\r","FunctionType":""}
{"Module":"Shim","InstanceId":"b2efe8f91b9c4b7fb3e92a5ef4f4ff3e","ContainerId":"b2efe8f91b9c4b7fb3e92a5ef4f4ff3e","Timestamp":"2026-07-25T17:40:11.65451988Z","LogContent":"starting log forwarding for container:b2efe8f91b9c4b7fb3e92a5ef4f4ff3e stdout:stdout stderr:stderr","FunctionType":""}
{"Module":"Shim","InstanceId":"b2efe8f91b9c4b7fb3e92a5ef4f4ff3e","ContainerId":"b2efe8f91b9c4b7fb3e92a5ef4f4ff3e","Timestamp":"2026-07-25T17:40:11.654532976Z","LogContent":"start req finish","FunctionType":""}
{"Module":"Shim","InstanceId":"b2efe8f91b9c4b7fb3e92a5ef4f4ff3e","ContainerId":"b2efe8f91b9c4b7fb3e92a5ef4f4ff3e","Timestamp":"2026-07-25T17:40:11.654552767Z","LogContent":"forward init log stderr start","FunctionType":""}
{"Module":"Shim","InstanceId":"b2efe8f91b9c4b7fb3e92a5ef4f4ff3e","ContainerId":"b2efe8f91b9c4b7fb3e92a5ef4f4ff3e","Timestamp":"2026-07-25T17:40:11.655483709Z","LogContent":"wait process start","FunctionType":""}
{"Module":"Shim","InstanceId":"b2efe8f91b9c4b7fb3e92a5ef4f4ff3e","ContainerId":"b2efe8f91b9c4b7fb3e92a5ef4f4ff3e","Timestamp":"2026-07-25T17:40:11.655679108Z","LogContent":"forward init log stdout start","FunctionType":""}
{"Module":"Shim","InstanceId":"2f31a933c72742abbb3bc508d32a5f8a","ContainerId":"2f31a933c72742abbb3bc508d32a5f8a","Timestamp":"2026-07-25T17:40:11.654771784Z","LogContent":"start container finish at:35","FunctionType":""}
{"Module":"Shim","InstanceId":"2f31a933c72742abbb3bc508d32a5f8a","ContainerId":"2f31a933c72742abbb3bc508d32a5f8a","Timestamp":"2026-07-25T17:40:11.654780552Z","LogContent":"create req finish","FunctionType":""}
{"Module":"Shim","InstanceId":"2f31a933c72742abbb3bc508d32a5f8a","ContainerId":"2f31a933c72742abbb3bc508d32a5f8a","Timestamp":"2026-07-25T17:40:11.660621927Z","LogContent":"start request, id:2f31a933c72742abbb3bc508d32a5f8a, execid:","FunctionType":""}
{"Module":"Shim","InstanceId":"4dbe4154f67a4292adc0cd7bf48e0ebc","ContainerId":"4dbe4154f67a4292adc0cd7bf48e0ebc","Timestamp":"2026-07-25T17:40:11.660710238Z","LogContent":"exec a child process\r","FunctionType":""}
{"Module":"Shim","InstanceId":"c6b9e81323394aafa4e2de1c6f2e4686","ContainerId":"c6b9e81323394aafa4e2de1c6f2e4686","Timestamp":"2026-07-25T17:40:11.655710041Z","LogContent":"start sandbox finish at:35","FunctionType":""}
{"Module":"Shim","InstanceId":"c6b9e81323394aafa4e2de1c6f2e4686","ContainerId":"c6b9e81323394aafa4e2de1c6f2e4686","Timestamp":"2026-07-25T17:40:11.656995468Z","LogContent":"exec a child process\r","FunctionType":""}
{"Module":"Shim","InstanceId":"c6b9e81323394aafa4e2de1c6f2e4686","ContainerId":"c6b9e81323394aafa4e2de1c6f2e4686","Timestamp":"2026-07-25T17:40:11.661571567Z","LogContent":"{\"msg\":\"[cube-strace]recv create container\",\"level\":\"INFO\",\"ts\":\"2026-07-25T17:40:11.657994658Z\"}\r","FunctionType":""}
{"Module":"Shim","InstanceId":"c6b9e81323394aafa4e2de1c6f2e4686","ContainerId":"c6b9e81323394aafa4e2de1c6f2e4686","Timestamp":"2026-07-25T17:40:11.661636841Z","LogContent":"{\"msg\":\"create container by restore\",\"level\":\"INFO\",\"ts\":\"2026-07-25T17:40:11.658005198Z\"}\r","FunctionType":""}
{"Module":"Shim","InstanceId":"8517f11b2a264e2a9a0147989408a40a","ContainerId":"8517f11b2a264e2a9a0147989408a40a","Timestamp":"2026-07-25T17:40:11.662795107Z","LogContent":"{\"msg\":\"[cube-strace]recv create container\",\"level\":\"INFO\",\"ts\":\"2026-07-25T17:40:11.645833796Z\"}\r","FunctionType":""}
{"Module":"Shim","InstanceId":"b2efe8f91b9c4b7fb3e92a5ef4f4ff3e","ContainerId":"b2efe8f91b9c4b7fb3e92a5ef4f4ff3e","Timestamp":"2026-07-25T17:40:11.662562843Z","LogContent":"{\"msg\":\"wait process\",\"level\":\"INFO\",\"ts\":\"2026-07-25T17:40:11.654960614Z\",\"exec-id\":\"\",\"container-id\":\"tpl-c33298206d4846deac922031_0\"}\r","FunctionType":""}
{"Module":"Shim","InstanceId":"8517f11b2a264e2a9a0147989408a40a","ContainerId":"8517f11b2a264e2a9a0147989408a40a","Timestamp":"2026-07-25T17:40:11.662843767Z","LogContent":"{\"msg\":\"create container by restore\",\"level\":\"INFO\",\"ts\":\"2026-07-25T17:40:11.645839587Z\"}\r","FunctionType":""}
{"Module":"Shim","InstanceId":"cc052924ff934beb996a1f22a277345f","ContainerId":"cc052924ff934beb996a1f22a277345f","Timestamp":"2026-07-25T17:40:11.663719657Z","LogContent":"{\"msg\":\"[cube-strace]recv create container\",\"level\":\"INFO\",\"ts\":\"2026-07-25T17:40:11.643205521Z\"}\r","FunctionType":""}
{"Module":"Shim","InstanceId":"cc052924ff934beb996a1f22a277345f","ContainerId":"cc052924ff934beb996a1f22a277345f","Timestamp":"2026-07-25T17:40:11.663767765Z","LogContent":"{\"msg\":\"create container by restore\",\"level\":\"INFO\",\"ts\":\"2026-07-25T17:40:11.643503541Z\"}\r","FunctionType":""}
{"Module":"Shim","InstanceId":"d37af8aa51c345069e4df92f8dee79a5","ContainerId":"d37af8aa51c345069e4df92f8dee79a5","Timestamp":"2026-07-25T17:40:11.66430875Z","LogContent":"{\"msg\":\"[cube-strace]recv create container\",\"level\":\"INFO\",\"ts\":\"2026-07-25T17:40:11.643465598Z\"}\r","FunctionType":""}
{"Module":"Shim","InstanceId":"d37af8aa51c345069e4df92f8dee79a5","ContainerId":"d37af8aa51c345069e4df92f8dee79a5","Timestamp":"2026-07-25T17:40:11.664546626Z","LogContent":"{\"msg\":\"create container by restore\",\"level\":\"INFO\",\"ts\":\"2026-07-25T17:40:11.643476549Z\"}\r","FunctionType":""}
{"Module":"Shim","InstanceId":"8517f11b2a264e2a9a0147989408a40a","ContainerId":"8517f11b2a264e2a9a0147989408a40a","Timestamp":"2026-07-25T17:40:11.664991766Z","LogContent":"exec process start\r","FunctionType":""}
{"Module":"Shim","InstanceId":"2f31a933c72742abbb3bc508d32a5f8a","ContainerId":"2f31a933c72742abbb3bc508d32a5f8a","Timestamp":"2026-07-25T17:40:11.665664591Z","LogContent":"wait req start, id:2f31a933c72742abbb3bc508d32a5f8a, execid:","FunctionType":""}
{"Module":"Shim","InstanceId":"d37af8aa51c345069e4df92f8dee79a5","ContainerId":"d37af8aa51c345069e4df92f8dee79a5","Timestamp":"2026-07-25T17:40:11.667259169Z","LogContent":"exec process start\r","FunctionType":""}
{"Module":"Shim","InstanceId":"2f31a933c72742abbb3bc508d32a5f8a","ContainerId":"2f31a933c72742abbb3bc508d32a5f8a","Timestamp":"2026-07-25T17:40:11.667663234Z","LogContent":"starting log forwarding for container:2f31a933c72742abbb3bc508d32a5f8a stdout:stdout stderr:stderr","FunctionType":""}
{"Module":"Shim","InstanceId":"2f31a933c72742abbb3bc508d32a5f8a","ContainerId":"2f31a933c72742abbb3bc508d32a5f8a","Timestamp":"2026-07-25T17:40:11.667688396Z","LogContent":"start req finish","FunctionType":""}
{"Module":"Shim","InstanceId":"2f31a933c72742abbb3bc508d32a5f8a","ContainerId":"2f31a933c72742abbb3bc508d32a5f8a","Timestamp":"2026-07-25T17:40:11.667730933Z","LogContent":"forward init log stderr start","FunctionType":""}
{"Module":"Shim","InstanceId":"2f31a933c72742abbb3bc508d32a5f8a","ContainerId":"2f31a933c72742abbb3bc508d32a5f8a","Timestamp":"2026-07-25T17:40:11.667779492Z","LogContent":"wait process start","FunctionType":""}
{"Module":"Shim","InstanceId":"2f31a933c72742abbb3bc508d32a5f8a","ContainerId":"2f31a933c72742abbb3bc508d32a5f8a","Timestamp":"2026-07-25T17:40:11.667839394Z","LogContent":"forward init log stdout start","FunctionType":""}
{"Module":"Shim","InstanceId":"b2efe8f91b9c4b7fb3e92a5ef4f4ff3e","ContainerId":"b2efe8f91b9c4b7fb3e92a5ef4f4ff3e","Timestamp":"2026-07-25T17:40:11.667683335Z","LogContent":"{\"msg\":\"cid tpl-c33298206d4846deac922031_0 eid  waiting for exit signal\",\"level\":\"INFO\",\"ts\":\"2026-07-25T17:40:11.654978878Z\"}\r","FunctionType":""}
{"Module":"Shim","InstanceId":"4dbe4154f67a4292adc0cd7bf48e0ebc","ContainerId":"4dbe4154f67a4292adc0cd7bf48e0ebc","Timestamp":"2026-07-25T17:40:11.671200241Z","LogContent":"exec process start\r","FunctionType":""}
{"Module":"Shim","InstanceId":"8517f11b2a264e2a9a0147989408a40a","ContainerId":"8517f11b2a264e2a9a0147989408a40a","Timestamp":"2026-07-25T17:40:11.670125615Z","LogContent":"start container finish at:50","FunctionType":""}
{"Module":"Shim","InstanceId":"8517f11b2a264e2a9a0147989408a40a","ContainerId":"8517f11b2a264e2a9a0147989408a40a","Timestamp":"2026-07-25T17:40:11.670135426Z","LogContent":"create req finish","FunctionType":""}
{"Module":"Shim","InstanceId":"8517f11b2a264e2a9a0147989408a40a","ContainerId":"8517f11b2a264e2a9a0147989408a40a","Timestamp":"2026-07-25T17:40:11.67147874Z","LogContent":"start request, id:8517f11b2a264e2a9a0147989408a40a, execid:","FunctionType":""}
{"Module":"Shim","InstanceId":"4dbe4154f67a4292adc0cd7bf48e0ebc","ContainerId":"4dbe4154f67a4292adc0cd7bf48e0ebc","Timestamp":"2026-07-25T17:40:11.672995189Z","LogContent":"start container finish at:54","FunctionType":""}
{"Module":"Shim","InstanceId":"d37af8aa51c345069e4df92f8dee79a5","ContainerId":"d37af8aa51c345069e4df92f8dee79a5","Timestamp":"2026-07-25T17:40:11.671554365Z","LogContent":"start container finish at:52","FunctionType":""}
{"Module":"Shim","InstanceId":"d37af8aa51c345069e4df92f8dee79a5","ContainerId":"d37af8aa51c345069e4df92f8dee79a5","Timestamp":"2026-07-25T17:40:11.671560858Z","LogContent":"create req finish","FunctionType":""}
{"Module":"Shim","InstanceId":"d37af8aa51c345069e4df92f8dee79a5","ContainerId":"d37af8aa51c345069e4df92f8dee79a5","Timestamp":"2026-07-25T17:40:11.673469969Z","LogContent":"start request, id:d37af8aa51c345069e4df92f8dee79a5, execid:","FunctionType":""}
{"Module":"Shim","InstanceId":"4dbe4154f67a4292adc0cd7bf48e0ebc","ContainerId":"4dbe4154f67a4292adc0cd7bf48e0ebc","Timestamp":"2026-07-25T17:40:11.673031473Z","LogContent":"create req finish","FunctionType":""}
{"Module":"Shim","InstanceId":"4dbe4154f67a4292adc0cd7bf48e0ebc","ContainerId":"4dbe4154f67a4292adc0cd7bf48e0ebc","Timestamp":"2026-07-25T17:40:11.673598241Z","LogContent":"{\"msg\":\"[cube-strace]recv create container\",\"level\":\"INFO\",\"ts\":\"2026-07-25T17:40:11.651052321Z\"}\r","FunctionType":""}
{"Module":"Shim","InstanceId":"4dbe4154f67a4292adc0cd7bf48e0ebc","ContainerId":"4dbe4154f67a4292adc0cd7bf48e0ebc","Timestamp":"2026-07-25T17:40:11.67365151Z","LogContent":"{\"msg\":\"create container by restore\",\"level\":\"INFO\",\"ts\":\"2026-07-25T17:40:11.651266814Z\"}\r","FunctionType":""}
{"Module":"Shim","InstanceId":"4dbe4154f67a4292adc0cd7bf48e0ebc","ContainerId":"4dbe4154f67a4292adc0cd7bf48e0ebc","Timestamp":"2026-07-25T17:40:11.674149287Z","LogContent":"start request, id:4dbe4154f67a4292adc0cd7bf48e0ebc, execid:","FunctionType":""}
{"Module":"Shim","InstanceId":"4dbe4154f67a4292adc0cd7bf48e0ebc","ContainerId":"4dbe4154f67a4292adc0cd7bf48e0ebc","Timestamp":"2026-07-25T17:40:11.674336018Z","LogContent":"wait req start, id:4dbe4154f67a4292adc0cd7bf48e0ebc, execid:","FunctionType":""}
{"Module":"Shim","InstanceId":"4dbe4154f67a4292adc0cd7bf48e0ebc","ContainerId":"4dbe4154f67a4292adc0cd7bf48e0ebc","Timestamp":"2026-07-25T17:40:11.674489602Z","LogContent":"starting log forwarding for container:4dbe4154f67a4292adc0cd7bf48e0ebc stdout:stdout stderr:stderr","FunctionType":""}
{"Module":"Shim","InstanceId":"4dbe4154f67a4292adc0cd7bf48e0ebc","ContainerId":"4dbe4154f67a4292adc0cd7bf48e0ebc","Timestamp":"2026-07-25T17:40:11.674514453Z","LogContent":"start req finish","FunctionType":""}
{"Module":"Shim","InstanceId":"ac4a84fea07e422aaf9acbca0ca93d42","ContainerId":"ac4a84fea07e422aaf9acbca0ca93d42","Timestamp":"2026-07-25T17:40:11.674652715Z","LogContent":"exec process start\r","FunctionType":""}
{"Module":"Shim","InstanceId":"d37af8aa51c345069e4df92f8dee79a5","ContainerId":"d37af8aa51c345069e4df92f8dee79a5","Timestamp":"2026-07-25T17:40:11.673889727Z","LogContent":"wait req start, id:d37af8aa51c345069e4df92f8dee79a5, execid:","FunctionType":""}
{"Module":"Shim","InstanceId":"4dbe4154f67a4292adc0cd7bf48e0ebc","ContainerId":"4dbe4154f67a4292adc0cd7bf48e0ebc","Timestamp":"2026-07-25T17:40:11.674543031Z","LogContent":"forward init log stderr start","FunctionType":""}
{"Module":"Shim","InstanceId":"4dbe4154f67a4292adc0cd7bf48e0ebc","ContainerId":"4dbe4154f67a4292adc0cd7bf48e0ebc","Timestamp":"2026-07-25T17:40:11.674589797Z","LogContent":"wait process start","FunctionType":""}
{"Module":"Shim","InstanceId":"4dbe4154f67a4292adc0cd7bf48e0ebc","ContainerId":"4dbe4154f67a4292adc0cd7bf48e0ebc","Timestamp":"2026-07-25T17:40:11.674639328Z","LogContent":"forward init log stdout start","FunctionType":""}
{"Module":"Shim","InstanceId":"4dbe4154f67a4292adc0cd7bf48e0ebc","ContainerId":"4dbe4154f67a4292adc0cd7bf48e0ebc","Timestamp":"2026-07-25T17:40:11.675060649Z","LogContent":"{\"msg\":\"wait process\",\"level\":\"INFO\",\"ts\":\"2026-07-25T17:40:11.670541761Z\",\"exec-id\":\"\",\"container-id\":\"tpl-c33298206d4846deac922031_0\"}\r","FunctionType":""}
{"Module":"Shim","InstanceId":"4dbe4154f67a4292adc0cd7bf48e0ebc","ContainerId":"4dbe4154f67a4292adc0cd7bf48e0ebc","Timestamp":"2026-07-25T17:40:11.675177357Z","LogContent":"{\"msg\":\"cid tpl-c33298206d4846deac922031_0 eid  waiting for exit signal\",\"level\":\"INFO\",\"ts\":\"2026-07-25T17:40:11.670549666Z\"}\r","FunctionType":""}
{"Module":"Shim","InstanceId":"8517f11b2a264e2a9a0147989408a40a","ContainerId":"8517f11b2a264e2a9a0147989408a40a","Timestamp":"2026-07-25T17:40:11.671597523Z","LogContent":"wait req start, id:8517f11b2a264e2a9a0147989408a40a, execid:","FunctionType":""}
{"Module":"Shim","InstanceId":"8517f11b2a264e2a9a0147989408a40a","ContainerId":"8517f11b2a264e2a9a0147989408a40a","Timestamp":"2026-07-25T17:40:11.671660892Z","LogContent":"starting log forwarding for container:8517f11b2a264e2a9a0147989408a40a stdout:stdout stderr:stderr","FunctionType":""}
{"Module":"Shim","InstanceId":"c6b9e81323394aafa4e2de1c6f2e4686","ContainerId":"c6b9e81323394aafa4e2de1c6f2e4686","Timestamp":"2026-07-25T17:40:11.675507802Z","LogContent":"exec process start\r","FunctionType":""}
{"Module":"Shim","InstanceId":"8517f11b2a264e2a9a0147989408a40a","ContainerId":"8517f11b2a264e2a9a0147989408a40a","Timestamp":"2026-07-25T17:40:11.671672817Z","LogContent":"start req finish","FunctionType":""}
{"Module":"Shim","InstanceId":"8517f11b2a264e2a9a0147989408a40a","ContainerId":"8517f11b2a264e2a9a0147989408a40a","Timestamp":"2026-07-25T17:40:11.671688228Z","LogContent":"forward init log stderr start","FunctionType":""}
{"Module":"Shim","InstanceId":"8517f11b2a264e2a9a0147989408a40a","ContainerId":"8517f11b2a264e2a9a0147989408a40a","Timestamp":"2026-07-25T17:40:11.671691926Z","LogContent":"wait process start","FunctionType":""}
{"Module":"Shim","InstanceId":"8517f11b2a264e2a9a0147989408a40a","ContainerId":"8517f11b2a264e2a9a0147989408a40a","Timestamp":"2026-07-25T17:40:11.671713851Z","LogContent":"forward init log stdout start","FunctionType":""}
{"Module":"Shim","InstanceId":"d37af8aa51c345069e4df92f8dee79a5","ContainerId":"d37af8aa51c345069e4df92f8dee79a5","Timestamp":"2026-07-25T17:40:11.675574328Z","LogContent":"starting log forwarding for container:d37af8aa51c345069e4df92f8dee79a5 stdout:stdout stderr:stderr","FunctionType":""}
{"Module":"Shim","InstanceId":"d37af8aa51c345069e4df92f8dee79a5","ContainerId":"d37af8aa51c345069e4df92f8dee79a5","Timestamp":"2026-07-25T17:40:11.675586303Z","LogContent":"start req finish","FunctionType":""}
{"Module":"Shim","InstanceId":"d37af8aa51c345069e4df92f8dee79a5","ContainerId":"d37af8aa51c345069e4df92f8dee79a5","Timestamp":"2026-07-25T17:40:11.675608518Z","LogContent":"forward init log stderr start","FunctionType":""}
{"Module":"Shim","InstanceId":"d37af8aa51c345069e4df92f8dee79a5","ContainerId":"d37af8aa51c345069e4df92f8dee79a5","Timestamp":"2026-07-25T17:40:11.675663109Z","LogContent":"wait process start","FunctionType":""}
{"Module":"Shim","InstanceId":"d37af8aa51c345069e4df92f8dee79a5","ContainerId":"d37af8aa51c345069e4df92f8dee79a5","Timestamp":"2026-07-25T17:40:11.675733573Z","LogContent":"forward init log stdout start","FunctionType":""}
{"Module":"Shim","InstanceId":"8517f11b2a264e2a9a0147989408a40a","ContainerId":"8517f11b2a264e2a9a0147989408a40a","Timestamp":"2026-07-25T17:40:11.676746182Z","LogContent":"{\"msg\":\"wait process\",\"level\":\"INFO\",\"ts\":\"2026-07-25T17:40:11.671345435Z\",\"exec-id\":\"\",\"container-id\":\"tpl-c33298206d4846deac922031_0\"}\r","FunctionType":""}
{"Module":"Shim","InstanceId":"8517f11b2a264e2a9a0147989408a40a","ContainerId":"8517f11b2a264e2a9a0147989408a40a","Timestamp":"2026-07-25T17:40:11.676840265Z","LogContent":"{\"msg\":\"cid tpl-c33298206d4846deac922031_0 eid  waiting for exit signal\",\"level\":\"INFO\",\"ts\":\"2026-07-25T17:40:11.671432849Z\"}\r","FunctionType":""}
{"Module":"Shim","InstanceId":"d37af8aa51c345069e4df92f8dee79a5","ContainerId":"d37af8aa51c345069e4df92f8dee79a5","Timestamp":"2026-07-25T17:40:11.676977585Z","LogContent":"{\"msg\":\"wait process\",\"level\":\"INFO\",\"ts\":\"2026-07-25T17:40:11.670621007Z\",\"exec-id\":\"\",\"container-id\":\"tpl-c33298206d4846deac922031_0\"}\r","FunctionType":""}
{"Module":"Shim","InstanceId":"d37af8aa51c345069e4df92f8dee79a5","ContainerId":"d37af8aa51c345069e4df92f8dee79a5","Timestamp":"2026-07-25T17:40:11.67707794Z","LogContent":"{\"msg\":\"cid tpl-c33298206d4846deac922031_0 eid  waiting for exit signal\",\"level\":\"INFO\",\"ts\":\"2026-07-25T17:40:11.670631416Z\"}\r","FunctionType":""}
{"Module":"Shim","InstanceId":"2f31a933c72742abbb3bc508d32a5f8a","ContainerId":"2f31a933c72742abbb3bc508d32a5f8a","Timestamp":"2026-07-25T17:40:11.677234661Z","LogContent":"{\"msg\":\"wait process\",\"level\":\"INFO\",\"ts\":\"2026-07-25T17:40:11.667358941Z\",\"exec-id\":\"\",\"container-id\":\"tpl-c33298206d4846deac922031_0\"}\r","FunctionType":""}
{"Module":"Shim","InstanceId":"e65d0cdf57a64fd89821b774cd314690","ContainerId":"e65d0cdf57a64fd89821b774cd314690","Timestamp":"2026-07-25T17:40:11.677235172Z","LogContent":"update req start, id:e65d0cdf57a64fd89821b774cd314690","FunctionType":""}
{"Module":"Shim","InstanceId":"c6b9e81323394aafa4e2de1c6f2e4686","ContainerId":"c6b9e81323394aafa4e2de1c6f2e4686","Timestamp":"2026-07-25T17:40:11.676801946Z","LogContent":"start container finish at:56","FunctionType":""}
{"Module":"Shim","InstanceId":"c6b9e81323394aafa4e2de1c6f2e4686","ContainerId":"c6b9e81323394aafa4e2de1c6f2e4686","Timestamp":"2026-07-25T17:40:11.676811536Z","LogContent":"create req finish","FunctionType":""}
{"Module":"Shim","InstanceId":"c6b9e81323394aafa4e2de1c6f2e4686","ContainerId":"c6b9e81323394aafa4e2de1c6f2e4686","Timestamp":"2026-07-25T17:40:11.678653129Z","LogContent":"start request, id:c6b9e81323394aafa4e2de1c6f2e4686, execid:","FunctionType":""}
{"Module":"Shim","InstanceId":"c6b9e81323394aafa4e2de1c6f2e4686","ContainerId":"c6b9e81323394aafa4e2de1c6f2e4686","Timestamp":"2026-07-25T17:40:11.678782864Z","LogContent":"wait req start, id:c6b9e81323394aafa4e2de1c6f2e4686, execid:","FunctionType":""}
{"Module":"Shim","InstanceId":"e65d0cdf57a64fd89821b774cd314690","ContainerId":"e65d0cdf57a64fd89821b774cd314690","Timestamp":"2026-07-25T17:40:11.679316184Z","LogContent":"update req finish","FunctionType":""}
{"Module":"Shim","InstanceId":"c6b9e81323394aafa4e2de1c6f2e4686","ContainerId":"c6b9e81323394aafa4e2de1c6f2e4686","Timestamp":"2026-07-25T17:40:11.680595878Z","LogContent":"starting log forwarding for container:c6b9e81323394aafa4e2de1c6f2e4686 stdout:stdout stderr:stderr","FunctionType":""}
{"Module":"Shim","InstanceId":"c6b9e81323394aafa4e2de1c6f2e4686","ContainerId":"c6b9e81323394aafa4e2de1c6f2e4686","Timestamp":"2026-07-25T17:40:11.680607943Z","LogContent":"start req finish","FunctionType":""}
{"Module":"Shim","InstanceId":"c6b9e81323394aafa4e2de1c6f2e4686","ContainerId":"c6b9e81323394aafa4e2de1c6f2e4686","Timestamp":"2026-07-25T17:40:11.68064062Z","LogContent":"forward init log stderr start","FunctionType":""}
{"Module":"Shim","InstanceId":"c6b9e81323394aafa4e2de1c6f2e4686","ContainerId":"c6b9e81323394aafa4e2de1c6f2e4686","Timestamp":"2026-07-25T17:40:11.680649849Z","LogContent":"forward init log stdout start","FunctionType":""}
{"Module":"Shim","InstanceId":"c6b9e81323394aafa4e2de1c6f2e4686","ContainerId":"c6b9e81323394aafa4e2de1c6f2e4686","Timestamp":"2026-07-25T17:40:11.68062095Z","LogContent":"wait process start","FunctionType":""}
{"Module":"Shim","InstanceId":"c6b9e81323394aafa4e2de1c6f2e4686","ContainerId":"c6b9e81323394aafa4e2de1c6f2e4686","Timestamp":"2026-07-25T17:40:11.681195473Z","LogContent":"{\"msg\":\"wait process\",\"level\":\"INFO\",\"ts\":\"2026-07-25T17:40:11.677472026Z\",\"exec-id\":\"\",\"container-id\":\"tpl-c33298206d4846deac922031_0\"}\r","FunctionType":""}
{"Module":"Shim","InstanceId":"c6b9e81323394aafa4e2de1c6f2e4686","ContainerId":"c6b9e81323394aafa4e2de1c6f2e4686","Timestamp":"2026-07-25T17:40:11.681545058Z","LogContent":"{\"msg\":\"cid tpl-c33298206d4846deac922031_0 eid  waiting for exit signal\",\"level\":\"INFO\",\"ts\":\"2026-07-25T17:40:11.677569459Z\"}\r","FunctionType":""}
{"Module":"Shim","InstanceId":"ac4a84fea07e422aaf9acbca0ca93d42","ContainerId":"ac4a84fea07e422aaf9acbca0ca93d42","Timestamp":"2026-07-25T17:40:11.68097838Z","LogContent":"start container finish at:61","FunctionType":""}
{"Module":"Shim","InstanceId":"ac4a84fea07e422aaf9acbca0ca93d42","ContainerId":"ac4a84fea07e422aaf9acbca0ca93d42","Timestamp":"2026-07-25T17:40:11.680987629Z","LogContent":"create req finish","FunctionType":""}
{"Module":"Shim","InstanceId":"ac4a84fea07e422aaf9acbca0ca93d42","ContainerId":"ac4a84fea07e422aaf9acbca0ca93d42","Timestamp":"2026-07-25T17:40:11.682076604Z","LogContent":"start request, id:ac4a84fea07e422aaf9acbca0ca93d42, execid:","FunctionType":""}
{"Module":"Shim","InstanceId":"08a70338cb684dd3bbad5a9de1b8dd93","ContainerId":"08a70338cb684dd3bbad5a9de1b8dd93","Timestamp":"2026-07-25T17:40:11.683404647Z","LogContent":"exec process start\r","FunctionType":""}
{"Module":"Shim","InstanceId":"08a70338cb684dd3bbad5a9de1b8dd93","ContainerId":"08a70338cb684dd3bbad5a9de1b8dd93","Timestamp":"2026-07-25T17:40:11.685062745Z","LogContent":"start container finish at:66","FunctionType":""}
{"Module":"Shim","InstanceId":"08a70338cb684dd3bbad5a9de1b8dd93","ContainerId":"08a70338cb684dd3bbad5a9de1b8dd93","Timestamp":"2026-07-25T17:40:11.685065942Z","LogContent":"create req finish","FunctionType":""}
{"Module":"Shim","InstanceId":"08a70338cb684dd3bbad5a9de1b8dd93","ContainerId":"08a70338cb684dd3bbad5a9de1b8dd93","Timestamp":"2026-07-25T17:40:11.685387819Z","LogContent":"start request, id:08a70338cb684dd3bbad5a9de1b8dd93, execid:","FunctionType":""}
{"Module":"Shim","InstanceId":"08a70338cb684dd3bbad5a9de1b8dd93","ContainerId":"08a70338cb684dd3bbad5a9de1b8dd93","Timestamp":"2026-07-25T17:40:11.685567036Z","LogContent":"wait req start, id:08a70338cb684dd3bbad5a9de1b8dd93, execid:","FunctionType":""}
{"Module":"Shim","InstanceId":"ac4a84fea07e422aaf9acbca0ca93d42","ContainerId":"ac4a84fea07e422aaf9acbca0ca93d42","Timestamp":"2026-07-25T17:40:11.684676747Z","LogContent":"wait req start, id:ac4a84fea07e422aaf9acbca0ca93d42, execid:","FunctionType":""}
{"Module":"Shim","InstanceId":"08a70338cb684dd3bbad5a9de1b8dd93","ContainerId":"08a70338cb684dd3bbad5a9de1b8dd93","Timestamp":"2026-07-25T17:40:11.685655677Z","LogContent":"starting log forwarding for container:08a70338cb684dd3bbad5a9de1b8dd93 stdout:stdout stderr:stderr","FunctionType":""}
{"Module":"Shim","InstanceId":"08a70338cb684dd3bbad5a9de1b8dd93","ContainerId":"08a70338cb684dd3bbad5a9de1b8dd93","Timestamp":"2026-07-25T17:40:11.685665727Z","LogContent":"start req finish","FunctionType":""}
{"Module":"Shim","InstanceId":"08a70338cb684dd3bbad5a9de1b8dd93","ContainerId":"08a70338cb684dd3bbad5a9de1b8dd93","Timestamp":"2026-07-25T17:40:11.685683824Z","LogContent":"forward init log stderr start","FunctionType":""}
{"Module":"Shim","InstanceId":"08a70338cb684dd3bbad5a9de1b8dd93","ContainerId":"08a70338cb684dd3bbad5a9de1b8dd93","Timestamp":"2026-07-25T17:40:11.685688684Z","LogContent":"forward init log stdout start","FunctionType":""}
{"Module":"Shim","InstanceId":"08a70338cb684dd3bbad5a9de1b8dd93","ContainerId":"08a70338cb684dd3bbad5a9de1b8dd93","Timestamp":"2026-07-25T17:40:11.685807277Z","LogContent":"wait process start","FunctionType":""}
{"Module":"Shim","InstanceId":"ac4a84fea07e422aaf9acbca0ca93d42","ContainerId":"ac4a84fea07e422aaf9acbca0ca93d42","Timestamp":"2026-07-25T17:40:11.68574536Z","LogContent":"starting log forwarding for container:ac4a84fea07e422aaf9acbca0ca93d42 stdout:stdout stderr:stderr","FunctionType":""}
{"Module":"Shim","InstanceId":"b2efe8f91b9c4b7fb3e92a5ef4f4ff3e","ContainerId":"b2efe8f91b9c4b7fb3e92a5ef4f4ff3e","Timestamp":"2026-07-25T17:40:11.686615047Z","LogContent":"update req start, id:b2efe8f91b9c4b7fb3e92a5ef4f4ff3e","FunctionType":""}
{"Module":"Shim","InstanceId":"ac4a84fea07e422aaf9acbca0ca93d42","ContainerId":"ac4a84fea07e422aaf9acbca0ca93d42","Timestamp":"2026-07-25T17:40:11.686407403Z","LogContent":"start req finish","FunctionType":""}
{"Module":"Shim","InstanceId":"08a70338cb684dd3bbad5a9de1b8dd93","ContainerId":"08a70338cb684dd3bbad5a9de1b8dd93","Timestamp":"2026-07-25T17:40:11.687172526Z","LogContent":"{\"msg\":\"wait process\",\"level\":\"INFO\",\"ts\":\"2026-07-25T17:40:11.675998058Z\",\"exec-id\":\"\",\"container-id\":\"tpl-c33298206d4846deac922031_0\"}\r","FunctionType":""}
{"Module":"Shim","InstanceId":"08a70338cb684dd3bbad5a9de1b8dd93","ContainerId":"08a70338cb684dd3bbad5a9de1b8dd93","Timestamp":"2026-07-25T17:40:11.68719891Z","LogContent":"{\"msg\":\"cid tpl-c33298206d4846deac922031_0 eid  waiting for exit signal\",\"level\":\"INFO\",\"ts\":\"2026-07-25T17:40:11.676008598Z\"}\r","FunctionType":""}
{"Module":"Shim","InstanceId":"b2efe8f91b9c4b7fb3e92a5ef4f4ff3e","ContainerId":"b2efe8f91b9c4b7fb3e92a5ef4f4ff3e","Timestamp":"2026-07-25T17:40:11.688533868Z","LogContent":"update req finish","FunctionType":""}
{"Module":"Shim","InstanceId":"ac4a84fea07e422aaf9acbca0ca93d42","ContainerId":"ac4a84fea07e422aaf9acbca0ca93d42","Timestamp":"2026-07-25T17:40:11.686701804Z","LogContent":"wait process start","FunctionType":""}
{"Module":"Shim","InstanceId":"ac4a84fea07e422aaf9acbca0ca93d42","ContainerId":"ac4a84fea07e422aaf9acbca0ca93d42","Timestamp":"2026-07-25T17:40:11.686716043Z","LogContent":"forward init log stderr start","FunctionType":""}
{"Module":"Shim","InstanceId":"ac4a84fea07e422aaf9acbca0ca93d42","ContainerId":"ac4a84fea07e422aaf9acbca0ca93d42","Timestamp":"2026-07-25T17:40:11.68671942Z","LogContent":"forward init log stdout start","FunctionType":""}
{"Module":"Shim","InstanceId":"ac4a84fea07e422aaf9acbca0ca93d42","ContainerId":"ac4a84fea07e422aaf9acbca0ca93d42","Timestamp":"2026-07-25T17:40:11.690865211Z","LogContent":"{\"msg\":\"wait process\",\"level\":\"INFO\",\"ts\":\"2026-07-25T17:40:11.683699472Z\",\"exec-id\":\"\",\"container-id\":\"tpl-c33298206d4846deac922031_0\"}\r","FunctionType":""}
{"Module":"Shim","InstanceId":"ac4a84fea07e422aaf9acbca0ca93d42","ContainerId":"ac4a84fea07e422aaf9acbca0ca93d42","Timestamp":"2026-07-25T17:40:11.690957078Z","LogContent":"{\"msg\":\"cid tpl-c33298206d4846deac922031_0 eid  waiting for exit signal\",\"level\":\"INFO\",\"ts\":\"2026-07-25T17:40:11.683811783Z\"}\r","FunctionType":""}
{"Module":"Shim","InstanceId":"8517f11b2a264e2a9a0147989408a40a","ContainerId":"8517f11b2a264e2a9a0147989408a40a","Timestamp":"2026-07-25T17:40:11.692787398Z","LogContent":"update req start, id:8517f11b2a264e2a9a0147989408a40a","FunctionType":""}
{"Module":"Shim","InstanceId":"4dbe4154f67a4292adc0cd7bf48e0ebc","ContainerId":"4dbe4154f67a4292adc0cd7bf48e0ebc","Timestamp":"2026-07-25T17:40:11.693107623Z","LogContent":"update req start, id:4dbe4154f67a4292adc0cd7bf48e0ebc","FunctionType":""}
{"Module":"Shim","InstanceId":"2f31a933c72742abbb3bc508d32a5f8a","ContainerId":"2f31a933c72742abbb3bc508d32a5f8a","Timestamp":"2026-07-25T17:40:11.693262709Z","LogContent":"{\"msg\":\"cid tpl-c33298206d4846deac922031_0 eid  waiting for exit signal\",\"level\":\"INFO\",\"ts\":\"2026-07-25T17:40:11.667372406Z\"}\r","FunctionType":""}
{"Module":"Shim","InstanceId":"8517f11b2a264e2a9a0147989408a40a","ContainerId":"8517f11b2a264e2a9a0147989408a40a","Timestamp":"2026-07-25T17:40:11.694013784Z","LogContent":"update req finish","FunctionType":""}
{"Module":"Shim","InstanceId":"d37af8aa51c345069e4df92f8dee79a5","ContainerId":"d37af8aa51c345069e4df92f8dee79a5","Timestamp":"2026-07-25T17:40:11.694328968Z","LogContent":"update req start, id:d37af8aa51c345069e4df92f8dee79a5","FunctionType":""}
{"Module":"Shim","InstanceId":"d37af8aa51c345069e4df92f8dee79a5","ContainerId":"d37af8aa51c345069e4df92f8dee79a5","Timestamp":"2026-07-25T17:40:11.695149244Z","LogContent":"update req finish","FunctionType":""}
{"Module":"Shim","InstanceId":"4dbe4154f67a4292adc0cd7bf48e0ebc","ContainerId":"4dbe4154f67a4292adc0cd7bf48e0ebc","Timestamp":"2026-07-25T17:40:11.695150837Z","LogContent":"update req finish","FunctionType":""}
{"Module":"Shim","InstanceId":"cc052924ff934beb996a1f22a277345f","ContainerId":"cc052924ff934beb996a1f22a277345f","Timestamp":"2026-07-25T17:40:11.692555635Z","LogContent":"exec process start\r","FunctionType":""}
{"Module":"Shim","InstanceId":"c6b9e81323394aafa4e2de1c6f2e4686","ContainerId":"c6b9e81323394aafa4e2de1c6f2e4686","Timestamp":"2026-07-25T17:40:11.698719299Z","LogContent":"update req start, id:c6b9e81323394aafa4e2de1c6f2e4686","FunctionType":""}
{"Module":"Shim","InstanceId":"c6b9e81323394aafa4e2de1c6f2e4686","ContainerId":"c6b9e81323394aafa4e2de1c6f2e4686","Timestamp":"2026-07-25T17:40:11.699489422Z","LogContent":"update req finish","FunctionType":""}
{"Module":"Shim","InstanceId":"cc052924ff934beb996a1f22a277345f","ContainerId":"cc052924ff934beb996a1f22a277345f","Timestamp":"2026-07-25T17:40:11.699787481Z","LogContent":"start container finish at:80","FunctionType":""}
{"Module":"Shim","InstanceId":"cc052924ff934beb996a1f22a277345f","ContainerId":"cc052924ff934beb996a1f22a277345f","Timestamp":"2026-07-25T17:40:11.699792672Z","LogContent":"create req finish","FunctionType":""}
{"Module":"Shim","InstanceId":"cc052924ff934beb996a1f22a277345f","ContainerId":"cc052924ff934beb996a1f22a277345f","Timestamp":"2026-07-25T17:40:11.699904029Z","LogContent":"start request, id:cc052924ff934beb996a1f22a277345f, execid:","FunctionType":""}
{"Module":"Shim","InstanceId":"cc052924ff934beb996a1f22a277345f","ContainerId":"cc052924ff934beb996a1f22a277345f","Timestamp":"2026-07-25T17:40:11.699958961Z","LogContent":"wait req start, id:cc052924ff934beb996a1f22a277345f, execid:","FunctionType":""}
{"Module":"Shim","InstanceId":"cc052924ff934beb996a1f22a277345f","ContainerId":"cc052924ff934beb996a1f22a277345f","Timestamp":"2026-07-25T17:40:11.701907613Z","LogContent":"starting log forwarding for container:cc052924ff934beb996a1f22a277345f stdout:stdout stderr:stderr","FunctionType":""}
{"Module":"Shim","InstanceId":"cc052924ff934beb996a1f22a277345f","ContainerId":"cc052924ff934beb996a1f22a277345f","Timestamp":"2026-07-25T17:40:11.701919327Z","LogContent":"start req finish","FunctionType":""}
{"Module":"Shim","InstanceId":"cc052924ff934beb996a1f22a277345f","ContainerId":"cc052924ff934beb996a1f22a277345f","Timestamp":"2026-07-25T17:40:11.701934819Z","LogContent":"forward init log stderr start","FunctionType":""}
{"Module":"Shim","InstanceId":"cc052924ff934beb996a1f22a277345f","ContainerId":"cc052924ff934beb996a1f22a277345f","Timestamp":"2026-07-25T17:40:11.701938586Z","LogContent":"wait process start","FunctionType":""}
{"Module":"Shim","InstanceId":"cc052924ff934beb996a1f22a277345f","ContainerId":"cc052924ff934beb996a1f22a277345f","Timestamp":"2026-07-25T17:40:11.701993939Z","LogContent":"forward init log stdout start","FunctionType":""}
{"Module":"Shim","InstanceId":"cc052924ff934beb996a1f22a277345f","ContainerId":"cc052924ff934beb996a1f22a277345f","Timestamp":"2026-07-25T17:40:11.702798944Z","LogContent":"{\"msg\":\"wait process\",\"level\":\"INFO\",\"ts\":\"2026-07-25T17:40:11.700764733Z\",\"exec-id\":\"\",\"container-id\":\"tpl-c33298206d4846deac922031_0\"}\r","FunctionType":""}
{"Module":"Shim","InstanceId":"cc052924ff934beb996a1f22a277345f","ContainerId":"cc052924ff934beb996a1f22a277345f","Timestamp":"2026-07-25T17:40:11.704970952Z","LogContent":"{\"msg\":\"cid tpl-c33298206d4846deac922031_0 eid  waiting for exit signal\",\"level\":\"INFO\",\"ts\":\"2026-07-25T17:40:11.703249152Z\"}\r","FunctionType":""}
{"Module":"Shim","InstanceId":"2f31a933c72742abbb3bc508d32a5f8a","ContainerId":"2f31a933c72742abbb3bc508d32a5f8a","Timestamp":"2026-07-25T17:40:11.710326394Z","LogContent":"update req start, id:2f31a933c72742abbb3bc508d32a5f8a","FunctionType":""}
{"Module":"Shim","InstanceId":"08a70338cb684dd3bbad5a9de1b8dd93","ContainerId":"08a70338cb684dd3bbad5a9de1b8dd93","Timestamp":"2026-07-25T17:40:11.711420329Z","LogContent":"update req start, id:08a70338cb684dd3bbad5a9de1b8dd93","FunctionType":""}
{"Module":"Shim","InstanceId":"2f31a933c72742abbb3bc508d32a5f8a","ContainerId":"2f31a933c72742abbb3bc508d32a5f8a","Timestamp":"2026-07-25T17:40:11.711535435Z","LogContent":"update req finish","FunctionType":""}
{"Module":"Shim","InstanceId":"ac4a84fea07e422aaf9acbca0ca93d42","ContainerId":"ac4a84fea07e422aaf9acbca0ca93d42","Timestamp":"2026-07-25T17:40:11.712007599Z","LogContent":"update req start, id:ac4a84fea07e422aaf9acbca0ca93d42","FunctionType":""}
{"Module":"Shim","InstanceId":"08a70338cb684dd3bbad5a9de1b8dd93","ContainerId":"08a70338cb684dd3bbad5a9de1b8dd93","Timestamp":"2026-07-25T17:40:11.712372375Z","LogContent":"update req finish","FunctionType":""}
{"Module":"Shim","InstanceId":"ac4a84fea07e422aaf9acbca0ca93d42","ContainerId":"ac4a84fea07e422aaf9acbca0ca93d42","Timestamp":"2026-07-25T17:40:11.712985067Z","LogContent":"update req finish","FunctionType":""}
{"Module":"Shim","InstanceId":"cc052924ff934beb996a1f22a277345f","ContainerId":"cc052924ff934beb996a1f22a277345f","Timestamp":"2026-07-25T17:40:11.717898356Z","LogContent":"update req start, id:cc052924ff934beb996a1f22a277345f","FunctionType":""}
{"Module":"Shim","InstanceId":"cc052924ff934beb996a1f22a277345f","ContainerId":"cc052924ff934beb996a1f22a277345f","Timestamp":"2026-07-25T17:40:11.718679782Z","LogContent":"update req finish","FunctionType":""}
{"Module":"Shim","InstanceId":"e65d0cdf57a64fd89821b774cd314690","ContainerId":"e65d0cdf57a64fd89821b774cd314690","Timestamp":"2026-07-25T17:40:12.724214232Z","LogContent":"kill req start, id:e65d0cdf57a64fd89821b774cd314690 execid:","FunctionType":""}
{"Module":"Shim","InstanceId":"e65d0cdf57a64fd89821b774cd314690","ContainerId":"e65d0cdf57a64fd89821b774cd314690","Timestamp":"2026-07-25T17:40:12.724225164Z","LogContent":"signal 9 to container:e65d0cdf57a64fd89821b774cd314690, exec:","FunctionType":""}
{"Module":"Shim","InstanceId":"2f31a933c72742abbb3bc508d32a5f8a","ContainerId":"2f31a933c72742abbb3bc508d32a5f8a","Timestamp":"2026-07-25T17:40:12.725696339Z","LogContent":"kill req start, id:2f31a933c72742abbb3bc508d32a5f8a execid:","FunctionType":""}
{"Module":"Shim","InstanceId":"2f31a933c72742abbb3bc508d32a5f8a","ContainerId":"2f31a933c72742abbb3bc508d32a5f8a","Timestamp":"2026-07-25T17:40:12.725706239Z","LogContent":"signal 9 to container:2f31a933c72742abbb3bc508d32a5f8a, exec:","FunctionType":""}
{"Module":"Shim","InstanceId":"d37af8aa51c345069e4df92f8dee79a5","ContainerId":"d37af8aa51c345069e4df92f8dee79a5","Timestamp":"2026-07-25T17:40:12.725979046Z","LogContent":"kill req start, id:d37af8aa51c345069e4df92f8dee79a5 execid:","FunctionType":""}
{"Module":"Shim","InstanceId":"d37af8aa51c345069e4df92f8dee79a5","ContainerId":"d37af8aa51c345069e4df92f8dee79a5","Timestamp":"2026-07-25T17:40:12.725993315Z","LogContent":"signal 9 to container:d37af8aa51c345069e4df92f8dee79a5, exec:","FunctionType":""}
{"Module":"Shim","InstanceId":"e65d0cdf57a64fd89821b774cd314690","ContainerId":"e65d0cdf57a64fd89821b774cd314690","Timestamp":"2026-07-25T17:40:12.726316455Z","LogContent":"kill req finish","FunctionType":""}
{"Module":"Shim","InstanceId":"ac4a84fea07e422aaf9acbca0ca93d42","ContainerId":"ac4a84fea07e422aaf9acbca0ca93d42","Timestamp":"2026-07-25T17:40:12.726385626Z","LogContent":"kill req start, id:ac4a84fea07e422aaf9acbca0ca93d42 execid:","FunctionType":""}
{"Module":"Shim","InstanceId":"8517f11b2a264e2a9a0147989408a40a","ContainerId":"8517f11b2a264e2a9a0147989408a40a","Timestamp":"2026-07-25T17:40:12.726434486Z","LogContent":"kill req start, id:8517f11b2a264e2a9a0147989408a40a execid:","FunctionType":""}
{"Module":"Shim","InstanceId":"e65d0cdf57a64fd89821b774cd314690","ContainerId":"e65d0cdf57a64fd89821b774cd314690","Timestamp":"2026-07-25T17:40:12.726336125Z","LogContent":"init log forward stdout cancelled","FunctionType":""}
{"Module":"Shim","InstanceId":"e65d0cdf57a64fd89821b774cd314690","ContainerId":"e65d0cdf57a64fd89821b774cd314690","Timestamp":"2026-07-25T17:40:12.726348851Z","LogContent":"init log forward stderr cancelled","FunctionType":""}
{"Module":"Shim","InstanceId":"e65d0cdf57a64fd89821b774cd314690","ContainerId":"e65d0cdf57a64fd89821b774cd314690","Timestamp":"2026-07-25T17:40:12.726457814Z","LogContent":"wait req start, id:e65d0cdf57a64fd89821b774cd314690, execid:","FunctionType":""}
{"Module":"Shim","InstanceId":"4dbe4154f67a4292adc0cd7bf48e0ebc","ContainerId":"4dbe4154f67a4292adc0cd7bf48e0ebc","Timestamp":"2026-07-25T17:40:12.726517325Z","LogContent":"kill req start, id:4dbe4154f67a4292adc0cd7bf48e0ebc execid:","FunctionType":""}
{"Module":"Shim","InstanceId":"ac4a84fea07e422aaf9acbca0ca93d42","ContainerId":"ac4a84fea07e422aaf9acbca0ca93d42","Timestamp":"2026-07-25T17:40:12.726393302Z","LogContent":"signal 9 to container:ac4a84fea07e422aaf9acbca0ca93d42, exec:","FunctionType":""}
{"Module":"Shim","InstanceId":"e65d0cdf57a64fd89821b774cd314690","ContainerId":"e65d0cdf57a64fd89821b774cd314690","Timestamp":"2026-07-25T17:40:12.726753357Z","LogContent":"{\"msg\":\"signal process\",\"level\":\"INFO\",\"ts\":\"2026-07-25T17:40:12.722358935Z\",\"container-id\":\"tpl-c33298206d4846deac922031_0\",\"exec-id\":\"\"}\r","FunctionType":""}
{"Module":"Shim","InstanceId":"08a70338cb684dd3bbad5a9de1b8dd93","ContainerId":"08a70338cb684dd3bbad5a9de1b8dd93","Timestamp":"2026-07-25T17:40:12.726845716Z","LogContent":"kill req start, id:08a70338cb684dd3bbad5a9de1b8dd93 execid:","FunctionType":""}
{"Module":"Shim","InstanceId":"08a70338cb684dd3bbad5a9de1b8dd93","ContainerId":"08a70338cb684dd3bbad5a9de1b8dd93","Timestamp":"2026-07-25T17:40:12.726852009Z","LogContent":"signal 9 to container:08a70338cb684dd3bbad5a9de1b8dd93, exec:","FunctionType":""}
{"Module":"Shim","InstanceId":"4dbe4154f67a4292adc0cd7bf48e0ebc","ContainerId":"4dbe4154f67a4292adc0cd7bf48e0ebc","Timestamp":"2026-07-25T17:40:12.726525011Z","LogContent":"signal 9 to container:4dbe4154f67a4292adc0cd7bf48e0ebc, exec:","FunctionType":""}
{"Module":"Shim","InstanceId":"8517f11b2a264e2a9a0147989408a40a","ContainerId":"8517f11b2a264e2a9a0147989408a40a","Timestamp":"2026-07-25T17:40:12.726442052Z","LogContent":"signal 9 to container:8517f11b2a264e2a9a0147989408a40a, exec:","FunctionType":""}
{"Module":"Shim","InstanceId":"08a70338cb684dd3bbad5a9de1b8dd93","ContainerId":"08a70338cb684dd3bbad5a9de1b8dd93","Timestamp":"2026-07-25T17:40:12.729526771Z","LogContent":"{\"msg\":\"signal process\",\"level\":\"INFO\",\"ts\":\"2026-07-25T17:40:12.716662383Z\",\"container-id\":\"tpl-c33298206d4846deac922031_0\",\"exec-id\":\"\"}\r","FunctionType":""}
{"Module":"Shim","InstanceId":"4dbe4154f67a4292adc0cd7bf48e0ebc","ContainerId":"4dbe4154f67a4292adc0cd7bf48e0ebc","Timestamp":"2026-07-25T17:40:12.730543558Z","LogContent":"kill req finish","FunctionType":""}
{"Module":"Shim","InstanceId":"4dbe4154f67a4292adc0cd7bf48e0ebc","ContainerId":"4dbe4154f67a4292adc0cd7bf48e0ebc","Timestamp":"2026-07-25T17:40:12.730552125Z","LogContent":"init log forward stdout cancelled","FunctionType":""}
{"Module":"Shim","InstanceId":"4dbe4154f67a4292adc0cd7bf48e0ebc","ContainerId":"4dbe4154f67a4292adc0cd7bf48e0ebc","Timestamp":"2026-07-25T17:40:12.730570793Z","LogContent":"init log forward stderr cancelled","FunctionType":""}
{"Module":"Shim","InstanceId":"cc052924ff934beb996a1f22a277345f","ContainerId":"cc052924ff934beb996a1f22a277345f","Timestamp":"2026-07-25T17:40:12.729541852Z","LogContent":"kill req start, id:cc052924ff934beb996a1f22a277345f execid:","FunctionType":""}
{"Module":"Shim","InstanceId":"cc052924ff934beb996a1f22a277345f","ContainerId":"cc052924ff934beb996a1f22a277345f","Timestamp":"2026-07-25T17:40:12.729547934Z","LogContent":"signal 9 to container:cc052924ff934beb996a1f22a277345f, exec:","FunctionType":""}
{"Module":"Shim","InstanceId":"b2efe8f91b9c4b7fb3e92a5ef4f4ff3e","ContainerId":"b2efe8f91b9c4b7fb3e92a5ef4f4ff3e","Timestamp":"2026-07-25T17:40:12.730456881Z","LogContent":"kill req start, id:b2efe8f91b9c4b7fb3e92a5ef4f4ff3e execid:","FunctionType":""}
{"Module":"Shim","InstanceId":"4dbe4154f67a4292adc0cd7bf48e0ebc","ContainerId":"4dbe4154f67a4292adc0cd7bf48e0ebc","Timestamp":"2026-07-25T17:40:12.730846907Z","LogContent":"wait req start, id:4dbe4154f67a4292adc0cd7bf48e0ebc, execid:","FunctionType":""}
{"Module":"Shim","InstanceId":"b2efe8f91b9c4b7fb3e92a5ef4f4ff3e","ContainerId":"b2efe8f91b9c4b7fb3e92a5ef4f4ff3e","Timestamp":"2026-07-25T17:40:12.730463334Z","LogContent":"signal 9 to container:b2efe8f91b9c4b7fb3e92a5ef4f4ff3e, exec:","FunctionType":""}
{"Module":"Shim","InstanceId":"d37af8aa51c345069e4df92f8dee79a5","ContainerId":"d37af8aa51c345069e4df92f8dee79a5","Timestamp":"2026-07-25T17:40:12.731361979Z","LogContent":"{\"msg\":\"signal process\",\"level\":\"INFO\",\"ts\":\"2026-07-25T17:40:12.720079911Z\",\"container-id\":\"tpl-c33298206d4846deac922031_0\",\"exec-id\":\"\"}\r","FunctionType":""}
{"Module":"Shim","InstanceId":"d37af8aa51c345069e4df92f8dee79a5","ContainerId":"d37af8aa51c345069e4df92f8dee79a5","Timestamp":"2026-07-25T17:40:12.731458165Z","LogContent":"{\"msg\":\"signal all the remaining processes\",\"level\":\"INFO\",\"ts\":\"2026-07-25T17:40:12.720799924Z\",\"container-id\":\"tpl-c33298206d4846deac922031_0\",\"exec-id\":\"\"}\r","FunctionType":""}
{"Module":"Shim","InstanceId":"d37af8aa51c345069e4df92f8dee79a5","ContainerId":"d37af8aa51c345069e4df92f8dee79a5","Timestamp":"2026-07-25T17:40:12.731973077Z","LogContent":"kill req finish","FunctionType":""}
{"Module":"Shim","InstanceId":"d37af8aa51c345069e4df92f8dee79a5","ContainerId":"d37af8aa51c345069e4df92f8dee79a5","Timestamp":"2026-07-25T17:40:12.731998599Z","LogContent":"init log forward stdout cancelled","FunctionType":""}
{"Module":"Shim","InstanceId":"d37af8aa51c345069e4df92f8dee79a5","ContainerId":"d37af8aa51c345069e4df92f8dee79a5","Timestamp":"2026-07-25T17:40:12.73201373Z","LogContent":"init log forward stderr cancelled","FunctionType":""}
{"Module":"Shim","InstanceId":"c6b9e81323394aafa4e2de1c6f2e4686","ContainerId":"c6b9e81323394aafa4e2de1c6f2e4686","Timestamp":"2026-07-25T17:40:12.726435548Z","LogContent":"kill req start, id:c6b9e81323394aafa4e2de1c6f2e4686 execid:","FunctionType":""}
{"Module":"Shim","InstanceId":"c6b9e81323394aafa4e2de1c6f2e4686","ContainerId":"c6b9e81323394aafa4e2de1c6f2e4686","Timestamp":"2026-07-25T17:40:12.726444677Z","LogContent":"signal 9 to container:c6b9e81323394aafa4e2de1c6f2e4686, exec:","FunctionType":""}
{"Module":"Shim","InstanceId":"2f31a933c72742abbb3bc508d32a5f8a","ContainerId":"2f31a933c72742abbb3bc508d32a5f8a","Timestamp":"2026-07-25T17:40:12.732494722Z","LogContent":"kill req finish","FunctionType":""}
{"Module":"Shim","InstanceId":"2f31a933c72742abbb3bc508d32a5f8a","ContainerId":"2f31a933c72742abbb3bc508d32a5f8a","Timestamp":"2026-07-25T17:40:12.732523381Z","LogContent":"init log forward stderr cancelled","FunctionType":""}
{"Module":"Shim","InstanceId":"2f31a933c72742abbb3bc508d32a5f8a","ContainerId":"2f31a933c72742abbb3bc508d32a5f8a","Timestamp":"2026-07-25T17:40:12.732537189Z","LogContent":"init log forward stdout cancelled","FunctionType":""}
{"Module":"Shim","InstanceId":"08a70338cb684dd3bbad5a9de1b8dd93","ContainerId":"08a70338cb684dd3bbad5a9de1b8dd93","Timestamp":"2026-07-25T17:40:12.730483415Z","LogContent":"kill req finish","FunctionType":""}
{"Module":"Shim","InstanceId":"08a70338cb684dd3bbad5a9de1b8dd93","ContainerId":"08a70338cb684dd3bbad5a9de1b8dd93","Timestamp":"2026-07-25T17:40:12.730640506Z","LogContent":"init log forward stderr cancelled","FunctionType":""}
{"Module":"Shim","InstanceId":"08a70338cb684dd3bbad5a9de1b8dd93","ContainerId":"08a70338cb684dd3bbad5a9de1b8dd93","Timestamp":"2026-07-25T17:40:12.730655657Z","LogContent":"init log forward stdout cancelled","FunctionType":""}
{"Module":"Shim","InstanceId":"08a70338cb684dd3bbad5a9de1b8dd93","ContainerId":"08a70338cb684dd3bbad5a9de1b8dd93","Timestamp":"2026-07-25T17:40:12.730853972Z","LogContent":"wait req start, id:08a70338cb684dd3bbad5a9de1b8dd93, execid:","FunctionType":""}
{"Module":"Shim","InstanceId":"08a70338cb684dd3bbad5a9de1b8dd93","ContainerId":"08a70338cb684dd3bbad5a9de1b8dd93","Timestamp":"2026-07-25T17:40:12.731094613Z","LogContent":"{\"msg\":\"signal all the remaining processes\",\"level\":\"INFO\",\"ts\":\"2026-07-25T17:40:12.718452267Z\",\"container-id\":\"tpl-c33298206d4846deac922031_0\",\"exec-id\":\"\"}\r","FunctionType":""}
{"Module":"Shim","InstanceId":"2f31a933c72742abbb3bc508d32a5f8a","ContainerId":"2f31a933c72742abbb3bc508d32a5f8a","Timestamp":"2026-07-25T17:40:12.733616724Z","LogContent":"{\"msg\":\"signal process\",\"level\":\"INFO\",\"ts\":\"2026-07-25T17:40:12.721949299Z\",\"container-id\":\"tpl-c33298206d4846deac922031_0\",\"exec-id\":\"\"}\r","FunctionType":""}
{"Module":"Shim","InstanceId":"4dbe4154f67a4292adc0cd7bf48e0ebc","ContainerId":"4dbe4154f67a4292adc0cd7bf48e0ebc","Timestamp":"2026-07-25T17:40:12.734670035Z","LogContent":"{\"msg\":\"signal process\",\"level\":\"INFO\",\"ts\":\"2026-07-25T17:40:12.723191603Z\",\"container-id\":\"tpl-c33298206d4846deac922031_0\",\"exec-id\":\"\"}\r","FunctionType":""}
{"Module":"Shim","InstanceId":"4dbe4154f67a4292adc0cd7bf48e0ebc","ContainerId":"4dbe4154f67a4292adc0cd7bf48e0ebc","Timestamp":"2026-07-25T17:40:12.734889262Z","LogContent":"{\"msg\":\"signal all the remaining processes\",\"level\":\"INFO\",\"ts\":\"2026-07-25T17:40:12.72607373Z\",\"container-id\":\"tpl-c33298206d4846deac922031_0\",\"exec-id\":\"\"}\r","FunctionType":""}
{"Module":"Shim","InstanceId":"ac4a84fea07e422aaf9acbca0ca93d42","ContainerId":"ac4a84fea07e422aaf9acbca0ca93d42","Timestamp":"2026-07-25T17:40:12.734914193Z","LogContent":"init log forward stdout cancelled","FunctionType":""}
{"Module":"Shim","InstanceId":"ac4a84fea07e422aaf9acbca0ca93d42","ContainerId":"ac4a84fea07e422aaf9acbca0ca93d42","Timestamp":"2026-07-25T17:40:12.73493235Z","LogContent":"kill req finish","FunctionType":""}
{"Module":"Shim","InstanceId":"ac4a84fea07e422aaf9acbca0ca93d42","ContainerId":"ac4a84fea07e422aaf9acbca0ca93d42","Timestamp":"2026-07-25T17:40:12.734948594Z","LogContent":"init log forward stderr cancelled","FunctionType":""}
{"Module":"Shim","InstanceId":"ac4a84fea07e422aaf9acbca0ca93d42","ContainerId":"ac4a84fea07e422aaf9acbca0ca93d42","Timestamp":"2026-07-25T17:40:12.734987182Z","LogContent":"{\"msg\":\"signal process\",\"level\":\"INFO\",\"ts\":\"2026-07-25T17:40:12.719634408Z\",\"container-id\":\"tpl-c33298206d4846deac922031_0\",\"exec-id\":\"\"}\r","FunctionType":""}
{"Module":"Shim","InstanceId":"ac4a84fea07e422aaf9acbca0ca93d42","ContainerId":"ac4a84fea07e422aaf9acbca0ca93d42","Timestamp":"2026-07-25T17:40:12.73527014Z","LogContent":"{\"msg\":\"signal all the remaining processes\",\"level\":\"INFO\",\"ts\":\"2026-07-25T17:40:12.720264542Z\",\"container-id\":\"tpl-c33298206d4846deac922031_0\",\"exec-id\":\"\"}\r","FunctionType":""}
{"Module":"Shim","InstanceId":"8517f11b2a264e2a9a0147989408a40a","ContainerId":"8517f11b2a264e2a9a0147989408a40a","Timestamp":"2026-07-25T17:40:12.739903402Z","LogContent":"{\"msg\":\"signal process\",\"level\":\"INFO\",\"ts\":\"2026-07-25T17:40:12.72450251Z\",\"container-id\":\"tpl-c33298206d4846deac922031_0\",\"exec-id\":\"\"}\r","FunctionType":""}
{"Module":"Shim","InstanceId":"8517f11b2a264e2a9a0147989408a40a","ContainerId":"8517f11b2a264e2a9a0147989408a40a","Timestamp":"2026-07-25T17:40:12.739983857Z","LogContent":"{\"msg\":\"signal all the remaining processes\",\"level\":\"INFO\",\"ts\":\"2026-07-25T17:40:12.724521546Z\",\"container-id\":\"tpl-c33298206d4846deac922031_0\",\"exec-id\":\"\"}\r","FunctionType":""}
{"Module":"Shim","InstanceId":"2f31a933c72742abbb3bc508d32a5f8a","ContainerId":"2f31a933c72742abbb3bc508d32a5f8a","Timestamp":"2026-07-25T17:40:12.740616358Z","LogContent":"{\"msg\":\"signal all the remaining processes\",\"level\":\"INFO\",\"ts\":\"2026-07-25T17:40:12.725330865Z\",\"container-id\":\"tpl-c33298206d4846deac922031_0\",\"exec-id\":\"\"}\r","FunctionType":""}
{"Module":"Shim","InstanceId":"e65d0cdf57a64fd89821b774cd314690","ContainerId":"e65d0cdf57a64fd89821b774cd314690","Timestamp":"2026-07-25T17:40:12.741577361Z","LogContent":"{\"msg\":\"signal all the remaining processes\",\"level\":\"INFO\",\"ts\":\"2026-07-25T17:40:12.724082304Z\",\"container-id\":\"tpl-c33298206d4846deac922031_0\",\"exec-id\":\"\"}\r","FunctionType":""}
{"Module":"Shim","InstanceId":"c6b9e81323394aafa4e2de1c6f2e4686","ContainerId":"c6b9e81323394aafa4e2de1c6f2e4686","Timestamp":"2026-07-25T17:40:12.737441865Z","LogContent":"{\"msg\":\"signal process\",\"level\":\"INFO\",\"ts\":\"2026-07-25T17:40:12.723997667Z\",\"container-id\":\"tpl-c33298206d4846deac922031_0\",\"exec-id\":\"\"}\r","FunctionType":""}
{"Module":"Shim","InstanceId":"c6b9e81323394aafa4e2de1c6f2e4686","ContainerId":"c6b9e81323394aafa4e2de1c6f2e4686","Timestamp":"2026-07-25T17:40:12.737449922Z","LogContent":"{\"msg\":\"signal all the remaining processes\",\"level\":\"INFO\",\"ts\":\"2026-07-25T17:40:12.72401542Z\",\"container-id\":\"tpl-c33298206d4846deac922031_0\",\"exec-id\":\"\"}\r","FunctionType":""}
{"Module":"Shim","InstanceId":"c6b9e81323394aafa4e2de1c6f2e4686","ContainerId":"c6b9e81323394aafa4e2de1c6f2e4686","Timestamp":"2026-07-25T17:40:12.737520987Z","LogContent":"kill req finish","FunctionType":""}
{"Module":"Shim","InstanceId":"c6b9e81323394aafa4e2de1c6f2e4686","ContainerId":"c6b9e81323394aafa4e2de1c6f2e4686","Timestamp":"2026-07-25T17:40:12.737546619Z","LogContent":"init log forward stderr cancelled","FunctionType":""}
{"Module":"Shim","InstanceId":"c6b9e81323394aafa4e2de1c6f2e4686","ContainerId":"c6b9e81323394aafa4e2de1c6f2e4686","Timestamp":"2026-07-25T17:40:12.737558814Z","LogContent":"init log forward stdout cancelled","FunctionType":""}
{"Module":"Shim","InstanceId":"8517f11b2a264e2a9a0147989408a40a","ContainerId":"8517f11b2a264e2a9a0147989408a40a","Timestamp":"2026-07-25T17:40:12.743494536Z","LogContent":"init log forward stderr cancelled","FunctionType":""}
{"Module":"Shim","InstanceId":"8517f11b2a264e2a9a0147989408a40a","ContainerId":"8517f11b2a264e2a9a0147989408a40a","Timestamp":"2026-07-25T17:40:12.743518495Z","LogContent":"kill req finish","FunctionType":""}
{"Module":"Shim","InstanceId":"8517f11b2a264e2a9a0147989408a40a","ContainerId":"8517f11b2a264e2a9a0147989408a40a","Timestamp":"2026-07-25T17:40:12.743542444Z","LogContent":"init log forward stdout cancelled","FunctionType":""}
{"Module":"Shim","InstanceId":"cc052924ff934beb996a1f22a277345f","ContainerId":"cc052924ff934beb996a1f22a277345f","Timestamp":"2026-07-25T17:40:12.756560359Z","LogContent":"{\"msg\":\"signal process\",\"level\":\"INFO\",\"ts\":\"2026-07-25T17:40:12.729669566Z\",\"container-id\":\"tpl-c33298206d4846deac922031_0\",\"exec-id\":\"\"}\r","FunctionType":""}
{"Module":"Shim","InstanceId":"cc052924ff934beb996a1f22a277345f","ContainerId":"cc052924ff934beb996a1f22a277345f","Timestamp":"2026-07-25T17:40:12.756659672Z","LogContent":"{\"msg\":\"signal all the remaining processes\",\"level\":\"INFO\",\"ts\":\"2026-07-25T17:40:12.735687697Z\",\"container-id\":\"tpl-c33298206d4846deac922031_0\",\"exec-id\":\"\"}\r","FunctionType":""}
{"Module":"Shim","InstanceId":"cc052924ff934beb996a1f22a277345f","ContainerId":"cc052924ff934beb996a1f22a277345f","Timestamp":"2026-07-25T17:40:12.756736098Z","LogContent":"init log forward stdout cancelled","FunctionType":""}
{"Module":"Shim","InstanceId":"cc052924ff934beb996a1f22a277345f","ContainerId":"cc052924ff934beb996a1f22a277345f","Timestamp":"2026-07-25T17:40:12.756769997Z","LogContent":"kill req finish","FunctionType":""}
{"Module":"Shim","InstanceId":"cc052924ff934beb996a1f22a277345f","ContainerId":"cc052924ff934beb996a1f22a277345f","Timestamp":"2026-07-25T17:40:12.756799207Z","LogContent":"init log forward stderr cancelled","FunctionType":""}
{"Module":"Shim","InstanceId":"d37af8aa51c345069e4df92f8dee79a5","ContainerId":"d37af8aa51c345069e4df92f8dee79a5","Timestamp":"2026-07-25T17:40:12.757797485Z","LogContent":"wait req start, id:d37af8aa51c345069e4df92f8dee79a5, execid:","FunctionType":""}
{"Module":"Shim","InstanceId":"c6b9e81323394aafa4e2de1c6f2e4686","ContainerId":"c6b9e81323394aafa4e2de1c6f2e4686","Timestamp":"2026-07-25T17:40:12.758098941Z","LogContent":"wait req start, id:c6b9e81323394aafa4e2de1c6f2e4686, execid:","FunctionType":""}
{"Module":"Shim","InstanceId":"d37af8aa51c345069e4df92f8dee79a5","ContainerId":"d37af8aa51c345069e4df92f8dee79a5","Timestamp":"2026-07-25T17:40:12.758101516Z","LogContent":"wait container:tpl-c33298206d4846deac922031_0 real:d37af8aa51c345069e4df92f8dee79a5 execid finish, exit code:9","FunctionType":""}
{"Module":"Shim","InstanceId":"d37af8aa51c345069e4df92f8dee79a5","ContainerId":"d37af8aa51c345069e4df92f8dee79a5","Timestamp":"2026-07-25T17:40:12.758142229Z","LogContent":"wait req finish","FunctionType":""}
{"Module":"Shim","InstanceId":"d37af8aa51c345069e4df92f8dee79a5","ContainerId":"d37af8aa51c345069e4df92f8dee79a5","Timestamp":"2026-07-25T17:40:12.758186821Z","LogContent":"wait req finish","FunctionType":""}
{"Module":"Shim","InstanceId":"ac4a84fea07e422aaf9acbca0ca93d42","ContainerId":"ac4a84fea07e422aaf9acbca0ca93d42","Timestamp":"2026-07-25T17:40:12.758292316Z","LogContent":"wait req start, id:ac4a84fea07e422aaf9acbca0ca93d42, execid:","FunctionType":""}
{"Module":"Shim","InstanceId":"cc052924ff934beb996a1f22a277345f","ContainerId":"cc052924ff934beb996a1f22a277345f","Timestamp":"2026-07-25T17:40:12.758232544Z","LogContent":"wait req start, id:cc052924ff934beb996a1f22a277345f, execid:","FunctionType":""}
{"Module":"Shim","InstanceId":"d37af8aa51c345069e4df92f8dee79a5","ContainerId":"d37af8aa51c345069e4df92f8dee79a5","Timestamp":"2026-07-25T17:40:12.758351226Z","LogContent":"{\"msg\":\"notify term to close\",\"level\":\"INFO\",\"ts\":\"2026-07-25T17:40:12.751419433Z\",\"child-pid\":\"77\",\"subsystem\":\"signals\"}\r","FunctionType":""}
{"Module":"Shim","InstanceId":"d37af8aa51c345069e4df92f8dee79a5","ContainerId":"d37af8aa51c345069e4df92f8dee79a5","Timestamp":"2026-07-25T17:40:12.75835802Z","LogContent":"{\"msg\":\"cid tpl-c33298206d4846deac922031_0 eid  received exit signal\",\"level\":\"INFO\",\"ts\":\"2026-07-25T17:40:12.75144444Z\"}\r","FunctionType":""}
{"Module":"Shim","InstanceId":"d37af8aa51c345069e4df92f8dee79a5","ContainerId":"d37af8aa51c345069e4df92f8dee79a5","Timestamp":"2026-07-25T17:40:12.758384434Z","LogContent":"delete req start, id:d37af8aa51c345069e4df92f8dee79a5, execid:","FunctionType":""}
{"Module":"Shim","InstanceId":"8517f11b2a264e2a9a0147989408a40a","ContainerId":"8517f11b2a264e2a9a0147989408a40a","Timestamp":"2026-07-25T17:40:12.75847052Z","LogContent":"wait req start, id:8517f11b2a264e2a9a0147989408a40a, execid:","FunctionType":""}
{"Module":"Shim","InstanceId":"d37af8aa51c345069e4df92f8dee79a5","ContainerId":"d37af8aa51c345069e4df92f8dee79a5","Timestamp":"2026-07-25T17:40:12.758452613Z","LogContent":"delete req finish","FunctionType":""}
{"Module":"Shim","InstanceId":"2f31a933c72742abbb3bc508d32a5f8a","ContainerId":"2f31a933c72742abbb3bc508d32a5f8a","Timestamp":"2026-07-25T17:40:12.758135586Z","LogContent":"wait req start, id:2f31a933c72742abbb3bc508d32a5f8a, execid:","FunctionType":""}
{"Module":"Shim","InstanceId":"d37af8aa51c345069e4df92f8dee79a5","ContainerId":"d37af8aa51c345069e4df92f8dee79a5","Timestamp":"2026-07-25T17:40:12.758670568Z","LogContent":"shutdown req start","FunctionType":""}
{"Module":"Shim","InstanceId":"d37af8aa51c345069e4df92f8dee79a5","ContainerId":"d37af8aa51c345069e4df92f8dee79a5","Timestamp":"2026-07-25T17:40:12.758692423Z","LogContent":"destroy sandbox start","FunctionType":""}
{"Module":"Shim","InstanceId":"08a70338cb684dd3bbad5a9de1b8dd93","ContainerId":"08a70338cb684dd3bbad5a9de1b8dd93","Timestamp":"2026-07-25T17:40:12.758869916Z","LogContent":"wait container:tpl-c33298206d4846deac922031_0 real:08a70338cb684dd3bbad5a9de1b8dd93 execid finish, exit code:9","FunctionType":""}
{"Module":"Shim","InstanceId":"08a70338cb684dd3bbad5a9de1b8dd93","ContainerId":"08a70338cb684dd3bbad5a9de1b8dd93","Timestamp":"2026-07-25T17:40:12.758922573Z","LogContent":"wait req finish","FunctionType":""}
{"Module":"Shim","InstanceId":"08a70338cb684dd3bbad5a9de1b8dd93","ContainerId":"08a70338cb684dd3bbad5a9de1b8dd93","Timestamp":"2026-07-25T17:40:12.758978437Z","LogContent":"wait req finish","FunctionType":""}
{"Module":"Shim","InstanceId":"08a70338cb684dd3bbad5a9de1b8dd93","ContainerId":"08a70338cb684dd3bbad5a9de1b8dd93","Timestamp":"2026-07-25T17:40:12.759110126Z","LogContent":"{\"msg\":\"notify term to close\",\"level\":\"INFO\",\"ts\":\"2026-07-25T17:40:12.748340872Z\",\"child-pid\":\"77\",\"subsystem\":\"signals\"}\r","FunctionType":""}
{"Module":"Shim","InstanceId":"08a70338cb684dd3bbad5a9de1b8dd93","ContainerId":"08a70338cb684dd3bbad5a9de1b8dd93","Timestamp":"2026-07-25T17:40:12.75953323Z","LogContent":"{\"msg\":\"cid tpl-c33298206d4846deac922031_0 eid  received exit signal\",\"level\":\"INFO\",\"ts\":\"2026-07-25T17:40:12.748363865Z\"}\r","FunctionType":""}
{"Module":"Shim","InstanceId":"08a70338cb684dd3bbad5a9de1b8dd93","ContainerId":"08a70338cb684dd3bbad5a9de1b8dd93","Timestamp":"2026-07-25T17:40:12.759649157Z","LogContent":"delete req start, id:08a70338cb684dd3bbad5a9de1b8dd93, execid:","FunctionType":""}
{"Module":"Shim","InstanceId":"ac4a84fea07e422aaf9acbca0ca93d42","ContainerId":"ac4a84fea07e422aaf9acbca0ca93d42","Timestamp":"2026-07-25T17:40:12.760219632Z","LogContent":"wait container:tpl-c33298206d4846deac922031_0 real:ac4a84fea07e422aaf9acbca0ca93d42 execid finish, exit code:9","FunctionType":""}
{"Module":"Shim","InstanceId":"ac4a84fea07e422aaf9acbca0ca93d42","ContainerId":"ac4a84fea07e422aaf9acbca0ca93d42","Timestamp":"2026-07-25T17:40:12.760246677Z","LogContent":"wait req finish","FunctionType":""}
{"Module":"Shim","InstanceId":"ac4a84fea07e422aaf9acbca0ca93d42","ContainerId":"ac4a84fea07e422aaf9acbca0ca93d42","Timestamp":"2026-07-25T17:40:12.760270967Z","LogContent":"wait req finish","FunctionType":""}
{"Module":"Shim","InstanceId":"ac4a84fea07e422aaf9acbca0ca93d42","ContainerId":"ac4a84fea07e422aaf9acbca0ca93d42","Timestamp":"2026-07-25T17:40:12.76036071Z","LogContent":"{\"msg\":\"notify term to close\",\"level\":\"INFO\",\"ts\":\"2026-07-25T17:40:12.752775115Z\",\"child-pid\":\"77\",\"subsystem\":\"signals\"}\r","FunctionType":""}
{"Module":"Shim","InstanceId":"08a70338cb684dd3bbad5a9de1b8dd93","ContainerId":"08a70338cb684dd3bbad5a9de1b8dd93","Timestamp":"2026-07-25T17:40:12.759720863Z","LogContent":"delete req finish","FunctionType":""}
{"Module":"Shim","InstanceId":"ac4a84fea07e422aaf9acbca0ca93d42","ContainerId":"ac4a84fea07e422aaf9acbca0ca93d42","Timestamp":"2026-07-25T17:40:12.760568093Z","LogContent":"{\"msg\":\"cid tpl-c33298206d4846deac922031_0 eid  received exit signal\",\"level\":\"INFO\",\"ts\":\"2026-07-25T17:40:12.753214381Z\"}\r","FunctionType":""}
{"Module":"Shim","InstanceId":"ac4a84fea07e422aaf9acbca0ca93d42","ContainerId":"ac4a84fea07e422aaf9acbca0ca93d42","Timestamp":"2026-07-25T17:40:12.760598395Z","LogContent":"delete req start, id:ac4a84fea07e422aaf9acbca0ca93d42, execid:","FunctionType":""}
{"Module":"Shim","InstanceId":"08a70338cb684dd3bbad5a9de1b8dd93","ContainerId":"08a70338cb684dd3bbad5a9de1b8dd93","Timestamp":"2026-07-25T17:40:12.760653257Z","LogContent":"shutdown req start","FunctionType":""}
{"Module":"Shim","InstanceId":"08a70338cb684dd3bbad5a9de1b8dd93","ContainerId":"08a70338cb684dd3bbad5a9de1b8dd93","Timestamp":"2026-07-25T17:40:12.760657115Z","LogContent":"destroy sandbox start","FunctionType":""}
{"Module":"Shim","InstanceId":"ac4a84fea07e422aaf9acbca0ca93d42","ContainerId":"ac4a84fea07e422aaf9acbca0ca93d42","Timestamp":"2026-07-25T17:40:12.760631202Z","LogContent":"delete req finish","FunctionType":""}
{"Module":"Shim","InstanceId":"ac4a84fea07e422aaf9acbca0ca93d42","ContainerId":"ac4a84fea07e422aaf9acbca0ca93d42","Timestamp":"2026-07-25T17:40:12.760897887Z","LogContent":"shutdown req start","FunctionType":""}
{"Module":"Shim","InstanceId":"08a70338cb684dd3bbad5a9de1b8dd93","ContainerId":"08a70338cb684dd3bbad5a9de1b8dd93","Timestamp":"2026-07-25T17:40:12.761255096Z","LogContent":"wait vm shutdown","FunctionType":""}
{"Module":"Shim","InstanceId":"ac4a84fea07e422aaf9acbca0ca93d42","ContainerId":"ac4a84fea07e422aaf9acbca0ca93d42","Timestamp":"2026-07-25T17:40:12.760902256Z","LogContent":"destroy sandbox start","FunctionType":""}
{"Module":"Shim","InstanceId":"08a70338cb684dd3bbad5a9de1b8dd93","ContainerId":"08a70338cb684dd3bbad5a9de1b8dd93","Timestamp":"2026-07-25T17:40:12.761304076Z","LogContent":"{\"msg\":\"receive destroy sandbox\",\"level\":\"INFO\",\"ts\":\"2026-07-25T17:40:12.750519647Z\"}\r","FunctionType":""}
{"Module":"Shim","InstanceId":"ac4a84fea07e422aaf9acbca0ca93d42","ContainerId":"ac4a84fea07e422aaf9acbca0ca93d42","Timestamp":"2026-07-25T17:40:12.761792644Z","LogContent":"wait vm shutdown","FunctionType":""}
{"Module":"Shim","InstanceId":"d37af8aa51c345069e4df92f8dee79a5","ContainerId":"d37af8aa51c345069e4df92f8dee79a5","Timestamp":"2026-07-25T17:40:12.762458735Z","LogContent":"wait vm shutdown","FunctionType":""}
{"Module":"Shim","InstanceId":"d37af8aa51c345069e4df92f8dee79a5","ContainerId":"d37af8aa51c345069e4df92f8dee79a5","Timestamp":"2026-07-25T17:40:12.762699366Z","LogContent":"{\"msg\":\"receive destroy sandbox\",\"level\":\"INFO\",\"ts\":\"2026-07-25T17:40:12.752574013Z\"}\r","FunctionType":""}
{"Module":"Shim","InstanceId":"ac4a84fea07e422aaf9acbca0ca93d42","ContainerId":"ac4a84fea07e422aaf9acbca0ca93d42","Timestamp":"2026-07-25T17:40:12.763520062Z","LogContent":"{\"msg\":\"receive destroy sandbox\",\"level\":\"INFO\",\"ts\":\"2026-07-25T17:40:12.75447481Z\"}\r","FunctionType":""}
{"Module":"Shim","InstanceId":"4dbe4154f67a4292adc0cd7bf48e0ebc","ContainerId":"4dbe4154f67a4292adc0cd7bf48e0ebc","Timestamp":"2026-07-25T17:40:12.771300812Z","LogContent":"wait container:tpl-c33298206d4846deac922031_0 real:4dbe4154f67a4292adc0cd7bf48e0ebc execid finish, exit code:9","FunctionType":""}
{"Module":"Shim","InstanceId":"4dbe4154f67a4292adc0cd7bf48e0ebc","ContainerId":"4dbe4154f67a4292adc0cd7bf48e0ebc","Timestamp":"2026-07-25T17:40:12.771347176Z","LogContent":"wait req finish","FunctionType":""}
{"Module":"Shim","InstanceId":"4dbe4154f67a4292adc0cd7bf48e0ebc","ContainerId":"4dbe4154f67a4292adc0cd7bf48e0ebc","Timestamp":"2026-07-25T17:40:12.771397018Z","LogContent":"wait req finish","FunctionType":""}
{"Module":"Shim","InstanceId":"4dbe4154f67a4292adc0cd7bf48e0ebc","ContainerId":"4dbe4154f67a4292adc0cd7bf48e0ebc","Timestamp":"2026-07-25T17:40:12.771534429Z","LogContent":"{\"msg\":\"notify term to close\",\"level\":\"INFO\",\"ts\":\"2026-07-25T17:40:12.766507054Z\",\"child-pid\":\"77\",\"subsystem\":\"signals\"}\r","FunctionType":""}
{"Module":"Shim","InstanceId":"4dbe4154f67a4292adc0cd7bf48e0ebc","ContainerId":"4dbe4154f67a4292adc0cd7bf48e0ebc","Timestamp":"2026-07-25T17:40:12.771585082Z","LogContent":"{\"msg\":\"cid tpl-c33298206d4846deac922031_0 eid  received exit signal\",\"level\":\"INFO\",\"ts\":\"2026-07-25T17:40:12.766527512Z\"}\r","FunctionType":""}
{"Module":"Shim","InstanceId":"4dbe4154f67a4292adc0cd7bf48e0ebc","ContainerId":"4dbe4154f67a4292adc0cd7bf48e0ebc","Timestamp":"2026-07-25T17:40:12.77173598Z","LogContent":"delete req start, id:4dbe4154f67a4292adc0cd7bf48e0ebc, execid:","FunctionType":""}
{"Module":"Shim","InstanceId":"4dbe4154f67a4292adc0cd7bf48e0ebc","ContainerId":"4dbe4154f67a4292adc0cd7bf48e0ebc","Timestamp":"2026-07-25T17:40:12.771776603Z","LogContent":"delete req finish","FunctionType":""}
{"Module":"Shim","InstanceId":"4dbe4154f67a4292adc0cd7bf48e0ebc","ContainerId":"4dbe4154f67a4292adc0cd7bf48e0ebc","Timestamp":"2026-07-25T17:40:12.771858921Z","LogContent":"shutdown req start","FunctionType":""}
{"Module":"Shim","InstanceId":"4dbe4154f67a4292adc0cd7bf48e0ebc","ContainerId":"4dbe4154f67a4292adc0cd7bf48e0ebc","Timestamp":"2026-07-25T17:40:12.771860665Z","LogContent":"destroy sandbox start","FunctionType":""}
{"Module":"Shim","InstanceId":"4dbe4154f67a4292adc0cd7bf48e0ebc","ContainerId":"4dbe4154f67a4292adc0cd7bf48e0ebc","Timestamp":"2026-07-25T17:40:12.772185879Z","LogContent":"wait vm shutdown","FunctionType":""}
{"Module":"Shim","InstanceId":"4dbe4154f67a4292adc0cd7bf48e0ebc","ContainerId":"4dbe4154f67a4292adc0cd7bf48e0ebc","Timestamp":"2026-07-25T17:40:12.772189166Z","LogContent":"{\"msg\":\"receive destroy sandbox\",\"level\":\"INFO\",\"ts\":\"2026-07-25T17:40:12.767543973Z\"}\r","FunctionType":""}
{"Module":"Shim","InstanceId":"cc052924ff934beb996a1f22a277345f","ContainerId":"cc052924ff934beb996a1f22a277345f","Timestamp":"2026-07-25T17:40:12.775930667Z","LogContent":"wait container:tpl-c33298206d4846deac922031_0 real:cc052924ff934beb996a1f22a277345f execid finish, exit code:9","FunctionType":""}
{"Module":"Shim","InstanceId":"c6b9e81323394aafa4e2de1c6f2e4686","ContainerId":"c6b9e81323394aafa4e2de1c6f2e4686","Timestamp":"2026-07-25T17:40:12.775935908Z","LogContent":"wait container:tpl-c33298206d4846deac922031_0 real:c6b9e81323394aafa4e2de1c6f2e4686 execid finish, exit code:9","FunctionType":""}
{"Module":"Shim","InstanceId":"c6b9e81323394aafa4e2de1c6f2e4686","ContainerId":"c6b9e81323394aafa4e2de1c6f2e4686","Timestamp":"2026-07-25T17:40:12.776003305Z","LogContent":"wait req finish","FunctionType":""}
{"Module":"Shim","InstanceId":"c6b9e81323394aafa4e2de1c6f2e4686","ContainerId":"c6b9e81323394aafa4e2de1c6f2e4686","Timestamp":"2026-07-25T17:40:12.776017594Z","LogContent":"{\"msg\":\"notify term to close\",\"level\":\"INFO\",\"ts\":\"2026-07-25T17:40:12.77190078Z\",\"child-pid\":\"77\",\"subsystem\":\"signals\"}\r","FunctionType":""}
{"Module":"Shim","InstanceId":"c6b9e81323394aafa4e2de1c6f2e4686","ContainerId":"c6b9e81323394aafa4e2de1c6f2e4686","Timestamp":"2026-07-25T17:40:12.776022544Z","LogContent":"{\"msg\":\"cid tpl-c33298206d4846deac922031_0 eid  received exit signal\",\"level\":\"INFO\",\"ts\":\"2026-07-25T17:40:12.771923052Z\"}\r","FunctionType":""}
{"Module":"Shim","InstanceId":"c6b9e81323394aafa4e2de1c6f2e4686","ContainerId":"c6b9e81323394aafa4e2de1c6f2e4686","Timestamp":"2026-07-25T17:40:12.776048477Z","LogContent":"wait req finish","FunctionType":""}
{"Module":"Shim","InstanceId":"cc052924ff934beb996a1f22a277345f","ContainerId":"cc052924ff934beb996a1f22a277345f","Timestamp":"2026-07-25T17:40:12.775949846Z","LogContent":"{\"msg\":\"notify term to close\",\"level\":\"INFO\",\"ts\":\"2026-07-25T17:40:12.773797834Z\",\"child-pid\":\"77\",\"subsystem\":\"signals\"}\r","FunctionType":""}
{"Module":"Shim","InstanceId":"cc052924ff934beb996a1f22a277345f","ContainerId":"cc052924ff934beb996a1f22a277345f","Timestamp":"2026-07-25T17:40:12.776262725Z","LogContent":"wait req finish","FunctionType":""}
{"Module":"Shim","InstanceId":"cc052924ff934beb996a1f22a277345f","ContainerId":"cc052924ff934beb996a1f22a277345f","Timestamp":"2026-07-25T17:40:12.776283417Z","LogContent":"wait req finish","FunctionType":""}
{"Module":"Shim","InstanceId":"cc052924ff934beb996a1f22a277345f","ContainerId":"cc052924ff934beb996a1f22a277345f","Timestamp":"2026-07-25T17:40:12.776388241Z","LogContent":"{\"msg\":\"cid tpl-c33298206d4846deac922031_0 eid  received exit signal\",\"level\":\"INFO\",\"ts\":\"2026-07-25T17:40:12.773814315Z\"}\r","FunctionType":""}
{"Module":"Shim","InstanceId":"c6b9e81323394aafa4e2de1c6f2e4686","ContainerId":"c6b9e81323394aafa4e2de1c6f2e4686","Timestamp":"2026-07-25T17:40:12.776401528Z","LogContent":"delete req start, id:c6b9e81323394aafa4e2de1c6f2e4686, execid:","FunctionType":""}
{"Module":"Shim","InstanceId":"c6b9e81323394aafa4e2de1c6f2e4686","ContainerId":"c6b9e81323394aafa4e2de1c6f2e4686","Timestamp":"2026-07-25T17:40:12.776455068Z","LogContent":"delete req finish","FunctionType":""}
{"Module":"Shim","InstanceId":"c6b9e81323394aafa4e2de1c6f2e4686","ContainerId":"c6b9e81323394aafa4e2de1c6f2e4686","Timestamp":"2026-07-25T17:40:12.7765347Z","LogContent":"shutdown req start","FunctionType":""}
{"Module":"Shim","InstanceId":"cc052924ff934beb996a1f22a277345f","ContainerId":"cc052924ff934beb996a1f22a277345f","Timestamp":"2026-07-25T17:40:12.776472273Z","LogContent":"delete req start, id:cc052924ff934beb996a1f22a277345f, execid:","FunctionType":""}
{"Module":"Shim","InstanceId":"cc052924ff934beb996a1f22a277345f","ContainerId":"cc052924ff934beb996a1f22a277345f","Timestamp":"2026-07-25T17:40:12.776515561Z","LogContent":"delete req finish","FunctionType":""}
{"Module":"Shim","InstanceId":"c6b9e81323394aafa4e2de1c6f2e4686","ContainerId":"c6b9e81323394aafa4e2de1c6f2e4686","Timestamp":"2026-07-25T17:40:12.776537867Z","LogContent":"destroy sandbox start","FunctionType":""}
{"Module":"Shim","InstanceId":"cc052924ff934beb996a1f22a277345f","ContainerId":"cc052924ff934beb996a1f22a277345f","Timestamp":"2026-07-25T17:40:12.776569031Z","LogContent":"shutdown req start","FunctionType":""}
{"Module":"Shim","InstanceId":"cc052924ff934beb996a1f22a277345f","ContainerId":"cc052924ff934beb996a1f22a277345f","Timestamp":"2026-07-25T17:40:12.776570744Z","LogContent":"destroy sandbox start","FunctionType":""}
{"Module":"Shim","InstanceId":"c6b9e81323394aafa4e2de1c6f2e4686","ContainerId":"c6b9e81323394aafa4e2de1c6f2e4686","Timestamp":"2026-07-25T17:40:12.776995411Z","LogContent":"wait vm shutdown","FunctionType":""}
{"Module":"Shim","InstanceId":"cc052924ff934beb996a1f22a277345f","ContainerId":"cc052924ff934beb996a1f22a277345f","Timestamp":"2026-07-25T17:40:12.777012196Z","LogContent":"wait vm shutdown","FunctionType":""}
{"Module":"Shim","InstanceId":"c6b9e81323394aafa4e2de1c6f2e4686","ContainerId":"c6b9e81323394aafa4e2de1c6f2e4686","Timestamp":"2026-07-25T17:40:12.777098783Z","LogContent":"{\"msg\":\"receive destroy sandbox\",\"level\":\"INFO\",\"ts\":\"2026-07-25T17:40:12.773120783Z\"}\r","FunctionType":""}
{"Module":"Shim","InstanceId":"cc052924ff934beb996a1f22a277345f","ContainerId":"cc052924ff934beb996a1f22a277345f","Timestamp":"2026-07-25T17:40:12.777104975Z","LogContent":"{\"msg\":\"receive destroy sandbox\",\"level\":\"INFO\",\"ts\":\"2026-07-25T17:40:12.774967743Z\"}\r","FunctionType":""}
{"Module":"Shim","InstanceId":"e65d0cdf57a64fd89821b774cd314690","ContainerId":"e65d0cdf57a64fd89821b774cd314690","Timestamp":"2026-07-25T17:40:12.778488029Z","LogContent":"wait container:tpl-c33298206d4846deac922031_0 real:e65d0cdf57a64fd89821b774cd314690 execid finish, exit code:9","FunctionType":""}
{"Module":"Shim","InstanceId":"e65d0cdf57a64fd89821b774cd314690","ContainerId":"e65d0cdf57a64fd89821b774cd314690","Timestamp":"2026-07-25T17:40:12.778529554Z","LogContent":"wait req finish","FunctionType":""}
{"Module":"Shim","InstanceId":"e65d0cdf57a64fd89821b774cd314690","ContainerId":"e65d0cdf57a64fd89821b774cd314690","Timestamp":"2026-07-25T17:40:12.778561068Z","LogContent":"wait req finish","FunctionType":""}
{"Module":"Shim","InstanceId":"e65d0cdf57a64fd89821b774cd314690","ContainerId":"e65d0cdf57a64fd89821b774cd314690","Timestamp":"2026-07-25T17:40:12.778624909Z","LogContent":"{\"msg\":\"notify term to close\",\"level\":\"INFO\",\"ts\":\"2026-07-25T17:40:12.775943647Z\",\"child-pid\":\"77\",\"subsystem\":\"signals\"}\r","FunctionType":""}
{"Module":"Shim","InstanceId":"e65d0cdf57a64fd89821b774cd314690","ContainerId":"e65d0cdf57a64fd89821b774cd314690","Timestamp":"2026-07-25T17:40:12.778654109Z","LogContent":"{\"msg\":\"cid tpl-c33298206d4846deac922031_0 eid  received exit signal\",\"level\":\"INFO\",\"ts\":\"2026-07-25T17:40:12.775974265Z\"}\r","FunctionType":""}
{"Module":"Shim","InstanceId":"e65d0cdf57a64fd89821b774cd314690","ContainerId":"e65d0cdf57a64fd89821b774cd314690","Timestamp":"2026-07-25T17:40:12.778732539Z","LogContent":"delete req start, id:e65d0cdf57a64fd89821b774cd314690, execid:","FunctionType":""}
{"Module":"Shim","InstanceId":"2f31a933c72742abbb3bc508d32a5f8a","ContainerId":"2f31a933c72742abbb3bc508d32a5f8a","Timestamp":"2026-07-25T17:40:12.779473051Z","LogContent":"wait container:tpl-c33298206d4846deac922031_0 real:2f31a933c72742abbb3bc508d32a5f8a execid finish, exit code:9","FunctionType":""}
{"Module":"Shim","InstanceId":"e65d0cdf57a64fd89821b774cd314690","ContainerId":"e65d0cdf57a64fd89821b774cd314690","Timestamp":"2026-07-25T17:40:12.778766127Z","LogContent":"delete req finish","FunctionType":""}
{"Module":"Shim","InstanceId":"e65d0cdf57a64fd89821b774cd314690","ContainerId":"e65d0cdf57a64fd89821b774cd314690","Timestamp":"2026-07-25T17:40:12.778842503Z","LogContent":"shutdown req start","FunctionType":""}
{"Module":"Shim","InstanceId":"e65d0cdf57a64fd89821b774cd314690","ContainerId":"e65d0cdf57a64fd89821b774cd314690","Timestamp":"2026-07-25T17:40:12.778846401Z","LogContent":"destroy sandbox start","FunctionType":""}
{"Module":"Shim","InstanceId":"e65d0cdf57a64fd89821b774cd314690","ContainerId":"e65d0cdf57a64fd89821b774cd314690","Timestamp":"2026-07-25T17:40:12.779160723Z","LogContent":"{\"msg\":\"receive destroy sandbox\",\"level\":\"INFO\",\"ts\":\"2026-07-25T17:40:12.776815305Z\"}\r","FunctionType":""}
{"Module":"Shim","InstanceId":"e65d0cdf57a64fd89821b774cd314690","ContainerId":"e65d0cdf57a64fd89821b774cd314690","Timestamp":"2026-07-25T17:40:12.77938436Z","LogContent":"wait vm shutdown","FunctionType":""}
{"Module":"Shim","InstanceId":"2f31a933c72742abbb3bc508d32a5f8a","ContainerId":"2f31a933c72742abbb3bc508d32a5f8a","Timestamp":"2026-07-25T17:40:12.779527472Z","LogContent":"wait req finish","FunctionType":""}
{"Module":"Shim","InstanceId":"2f31a933c72742abbb3bc508d32a5f8a","ContainerId":"2f31a933c72742abbb3bc508d32a5f8a","Timestamp":"2026-07-25T17:40:12.779572695Z","LogContent":"wait req finish","FunctionType":""}
{"Module":"Shim","InstanceId":"2f31a933c72742abbb3bc508d32a5f8a","ContainerId":"2f31a933c72742abbb3bc508d32a5f8a","Timestamp":"2026-07-25T17:40:12.779699674Z","LogContent":"delete req start, id:2f31a933c72742abbb3bc508d32a5f8a, execid:","FunctionType":""}
{"Module":"Shim","InstanceId":"2f31a933c72742abbb3bc508d32a5f8a","ContainerId":"2f31a933c72742abbb3bc508d32a5f8a","Timestamp":"2026-07-25T17:40:12.779743503Z","LogContent":"delete req finish","FunctionType":""}
{"Module":"Shim","InstanceId":"2f31a933c72742abbb3bc508d32a5f8a","ContainerId":"2f31a933c72742abbb3bc508d32a5f8a","Timestamp":"2026-07-25T17:40:12.779823928Z","LogContent":"shutdown req start","FunctionType":""}
{"Module":"Shim","InstanceId":"2f31a933c72742abbb3bc508d32a5f8a","ContainerId":"2f31a933c72742abbb3bc508d32a5f8a","Timestamp":"2026-07-25T17:40:12.779827024Z","LogContent":"destroy sandbox start","FunctionType":""}
{"Module":"Shim","InstanceId":"2f31a933c72742abbb3bc508d32a5f8a","ContainerId":"2f31a933c72742abbb3bc508d32a5f8a","Timestamp":"2026-07-25T17:40:12.780445377Z","LogContent":"{\"msg\":\"notify term to close\",\"level\":\"INFO\",\"ts\":\"2026-07-25T17:40:12.774865936Z\",\"child-pid\":\"77\",\"subsystem\":\"signals\"}\r","FunctionType":""}
{"Module":"Shim","InstanceId":"2f31a933c72742abbb3bc508d32a5f8a","ContainerId":"2f31a933c72742abbb3bc508d32a5f8a","Timestamp":"2026-07-25T17:40:12.780502884Z","LogContent":"{\"msg\":\"cid tpl-c33298206d4846deac922031_0 eid  received exit signal\",\"level\":\"INFO\",\"ts\":\"2026-07-25T17:40:12.774883168Z\"}\r","FunctionType":""}
{"Module":"Shim","InstanceId":"2f31a933c72742abbb3bc508d32a5f8a","ContainerId":"2f31a933c72742abbb3bc508d32a5f8a","Timestamp":"2026-07-25T17:40:12.780800201Z","LogContent":"{\"msg\":\"receive destroy sandbox\",\"level\":\"INFO\",\"ts\":\"2026-07-25T17:40:12.776356657Z\"}\r","FunctionType":""}
{"Module":"Shim","InstanceId":"2f31a933c72742abbb3bc508d32a5f8a","ContainerId":"2f31a933c72742abbb3bc508d32a5f8a","Timestamp":"2026-07-25T17:40:12.780993556Z","LogContent":"wait vm shutdown","FunctionType":""}
{"Module":"Shim","InstanceId":"8517f11b2a264e2a9a0147989408a40a","ContainerId":"8517f11b2a264e2a9a0147989408a40a","Timestamp":"2026-07-25T17:40:12.781761625Z","LogContent":"wait container:tpl-c33298206d4846deac922031_0 real:8517f11b2a264e2a9a0147989408a40a execid finish, exit code:9","FunctionType":""}
{"Module":"Shim","InstanceId":"8517f11b2a264e2a9a0147989408a40a","ContainerId":"8517f11b2a264e2a9a0147989408a40a","Timestamp":"2026-07-25T17:40:12.781799562Z","LogContent":"wait req finish","FunctionType":""}
{"Module":"Shim","InstanceId":"8517f11b2a264e2a9a0147989408a40a","ContainerId":"8517f11b2a264e2a9a0147989408a40a","Timestamp":"2026-07-25T17:40:12.781823751Z","LogContent":"wait req finish","FunctionType":""}
{"Module":"Shim","InstanceId":"8517f11b2a264e2a9a0147989408a40a","ContainerId":"8517f11b2a264e2a9a0147989408a40a","Timestamp":"2026-07-25T17:40:12.781858192Z","LogContent":"{\"msg\":\"notify term to close\",\"level\":\"INFO\",\"ts\":\"2026-07-25T17:40:12.77709675Z\",\"child-pid\":\"77\",\"subsystem\":\"signals\"}\r","FunctionType":""}
{"Module":"Shim","InstanceId":"8517f11b2a264e2a9a0147989408a40a","ContainerId":"8517f11b2a264e2a9a0147989408a40a","Timestamp":"2026-07-25T17:40:12.781884736Z","LogContent":"{\"msg\":\"cid tpl-c33298206d4846deac922031_0 eid  received exit signal\",\"level\":\"INFO\",\"ts\":\"2026-07-25T17:40:12.777114523Z\"}\r","FunctionType":""}
{"Module":"Shim","InstanceId":"8517f11b2a264e2a9a0147989408a40a","ContainerId":"8517f11b2a264e2a9a0147989408a40a","Timestamp":"2026-07-25T17:40:12.781981824Z","LogContent":"delete req start, id:8517f11b2a264e2a9a0147989408a40a, execid:","FunctionType":""}
{"Module":"Shim","InstanceId":"8517f11b2a264e2a9a0147989408a40a","ContainerId":"8517f11b2a264e2a9a0147989408a40a","Timestamp":"2026-07-25T17:40:12.782008769Z","LogContent":"delete req finish","FunctionType":""}
{"Module":"Shim","InstanceId":"8517f11b2a264e2a9a0147989408a40a","ContainerId":"8517f11b2a264e2a9a0147989408a40a","Timestamp":"2026-07-25T17:40:12.782045945Z","LogContent":"shutdown req start","FunctionType":""}
{"Module":"Shim","InstanceId":"8517f11b2a264e2a9a0147989408a40a","ContainerId":"8517f11b2a264e2a9a0147989408a40a","Timestamp":"2026-07-25T17:40:12.782047709Z","LogContent":"destroy sandbox start","FunctionType":""}
{"Module":"Shim","InstanceId":"8517f11b2a264e2a9a0147989408a40a","ContainerId":"8517f11b2a264e2a9a0147989408a40a","Timestamp":"2026-07-25T17:40:12.782302349Z","LogContent":"{\"msg\":\"receive destroy sandbox\",\"level\":\"INFO\",\"ts\":\"2026-07-25T17:40:12.777796124Z\"}\r","FunctionType":""}
{"Module":"Shim","InstanceId":"8517f11b2a264e2a9a0147989408a40a","ContainerId":"8517f11b2a264e2a9a0147989408a40a","Timestamp":"2026-07-25T17:40:12.782504091Z","LogContent":"wait vm shutdown","FunctionType":""}
{"Module":"Shim","InstanceId":"b2efe8f91b9c4b7fb3e92a5ef4f4ff3e","ContainerId":"b2efe8f91b9c4b7fb3e92a5ef4f4ff3e","Timestamp":"2026-07-25T17:40:12.78387438Z","LogContent":"kill req finish","FunctionType":""}
{"Module":"Shim","InstanceId":"b2efe8f91b9c4b7fb3e92a5ef4f4ff3e","ContainerId":"b2efe8f91b9c4b7fb3e92a5ef4f4ff3e","Timestamp":"2026-07-25T17:40:12.783883498Z","LogContent":"init log forward stderr cancelled","FunctionType":""}
{"Module":"Shim","InstanceId":"b2efe8f91b9c4b7fb3e92a5ef4f4ff3e","ContainerId":"b2efe8f91b9c4b7fb3e92a5ef4f4ff3e","Timestamp":"2026-07-25T17:40:12.783896074Z","LogContent":"init log forward stdout cancelled","FunctionType":""}
{"Module":"Shim","InstanceId":"b2efe8f91b9c4b7fb3e92a5ef4f4ff3e","ContainerId":"b2efe8f91b9c4b7fb3e92a5ef4f4ff3e","Timestamp":"2026-07-25T17:40:12.783973863Z","LogContent":"{\"msg\":\"signal process\",\"level\":\"INFO\",\"ts\":\"2026-07-25T17:40:12.726614764Z\",\"container-id\":\"tpl-c33298206d4846deac922031_0\",\"exec-id\":\"\"}\r","FunctionType":""}
{"Module":"Shim","InstanceId":"b2efe8f91b9c4b7fb3e92a5ef4f4ff3e","ContainerId":"b2efe8f91b9c4b7fb3e92a5ef4f4ff3e","Timestamp":"2026-07-25T17:40:12.78399722Z","LogContent":"{\"msg\":\"signal all the remaining processes\",\"level\":\"INFO\",\"ts\":\"2026-07-25T17:40:12.755142561Z\",\"container-id\":\"tpl-c33298206d4846deac922031_0\",\"exec-id\":\"\"}\r","FunctionType":""}
{"Module":"Shim","InstanceId":"b2efe8f91b9c4b7fb3e92a5ef4f4ff3e","ContainerId":"b2efe8f91b9c4b7fb3e92a5ef4f4ff3e","Timestamp":"2026-07-25T17:40:12.78401658Z","LogContent":"wait req start, id:b2efe8f91b9c4b7fb3e92a5ef4f4ff3e, execid:","FunctionType":""}
{"Module":"Shim","InstanceId":"b2efe8f91b9c4b7fb3e92a5ef4f4ff3e","ContainerId":"b2efe8f91b9c4b7fb3e92a5ef4f4ff3e","Timestamp":"2026-07-25T17:40:12.791844636Z","LogContent":"wait container:tpl-c33298206d4846deac922031_0 real:b2efe8f91b9c4b7fb3e92a5ef4f4ff3e execid finish, exit code:9","FunctionType":""}
{"Module":"Shim","InstanceId":"b2efe8f91b9c4b7fb3e92a5ef4f4ff3e","ContainerId":"b2efe8f91b9c4b7fb3e92a5ef4f4ff3e","Timestamp":"2026-07-25T17:40:12.791867763Z","LogContent":"wait req finish","FunctionType":""}
{"Module":"Shim","InstanceId":"b2efe8f91b9c4b7fb3e92a5ef4f4ff3e","ContainerId":"b2efe8f91b9c4b7fb3e92a5ef4f4ff3e","Timestamp":"2026-07-25T17:40:12.791889849Z","LogContent":"wait req finish","FunctionType":""}
{"Module":"Shim","InstanceId":"b2efe8f91b9c4b7fb3e92a5ef4f4ff3e","ContainerId":"b2efe8f91b9c4b7fb3e92a5ef4f4ff3e","Timestamp":"2026-07-25T17:40:12.791917625Z","LogContent":"{\"msg\":\"notify term to close\",\"level\":\"INFO\",\"ts\":\"2026-07-25T17:40:12.787034081Z\",\"child-pid\":\"77\",\"subsystem\":\"signals\"}\r","FunctionType":""}
{"Module":"Shim","InstanceId":"b2efe8f91b9c4b7fb3e92a5ef4f4ff3e","ContainerId":"b2efe8f91b9c4b7fb3e92a5ef4f4ff3e","Timestamp":"2026-07-25T17:40:12.79195446Z","LogContent":"{\"msg\":\"cid tpl-c33298206d4846deac922031_0 eid  received exit signal\",\"level\":\"INFO\",\"ts\":\"2026-07-25T17:40:12.787062805Z\"}\r","FunctionType":""}
{"Module":"Shim","InstanceId":"b2efe8f91b9c4b7fb3e92a5ef4f4ff3e","ContainerId":"b2efe8f91b9c4b7fb3e92a5ef4f4ff3e","Timestamp":"2026-07-25T17:40:12.79203747Z","LogContent":"delete req start, id:b2efe8f91b9c4b7fb3e92a5ef4f4ff3e, execid:","FunctionType":""}
{"Module":"Shim","InstanceId":"b2efe8f91b9c4b7fb3e92a5ef4f4ff3e","ContainerId":"b2efe8f91b9c4b7fb3e92a5ef4f4ff3e","Timestamp":"2026-07-25T17:40:12.792059244Z","LogContent":"delete req finish","FunctionType":""}
{"Module":"Shim","InstanceId":"b2efe8f91b9c4b7fb3e92a5ef4f4ff3e","ContainerId":"b2efe8f91b9c4b7fb3e92a5ef4f4ff3e","Timestamp":"2026-07-25T17:40:12.792115038Z","LogContent":"shutdown req start","FunctionType":""}
{"Module":"Shim","InstanceId":"b2efe8f91b9c4b7fb3e92a5ef4f4ff3e","ContainerId":"b2efe8f91b9c4b7fb3e92a5ef4f4ff3e","Timestamp":"2026-07-25T17:40:12.792116812Z","LogContent":"destroy sandbox start","FunctionType":""}
{"Module":"Shim","InstanceId":"b2efe8f91b9c4b7fb3e92a5ef4f4ff3e","ContainerId":"b2efe8f91b9c4b7fb3e92a5ef4f4ff3e","Timestamp":"2026-07-25T17:40:12.792574657Z","LogContent":"wait vm shutdown","FunctionType":""}
{"Module":"Shim","InstanceId":"b2efe8f91b9c4b7fb3e92a5ef4f4ff3e","ContainerId":"b2efe8f91b9c4b7fb3e92a5ef4f4ff3e","Timestamp":"2026-07-25T17:40:12.792654781Z","LogContent":"{\"msg\":\"receive destroy sandbox\",\"level\":\"INFO\",\"ts\":\"2026-07-25T17:40:12.787695795Z\"}\r","FunctionType":""}
{"Module":"Shim","InstanceId":"2f31a933c72742abbb3bc508d32a5f8a","ContainerId":"2f31a933c72742abbb3bc508d32a5f8a","Timestamp":"2026-07-25T17:40:12.810012539Z","LogContent":"wait ch exit","FunctionType":""}
{"Module":"Shim","InstanceId":"4dbe4154f67a4292adc0cd7bf48e0ebc","ContainerId":"4dbe4154f67a4292adc0cd7bf48e0ebc","Timestamp":"2026-07-25T17:40:12.810395731Z","LogContent":"wait ch exit","FunctionType":""}
{"Module":"Shim","InstanceId":"b2efe8f91b9c4b7fb3e92a5ef4f4ff3e","ContainerId":"b2efe8f91b9c4b7fb3e92a5ef4f4ff3e","Timestamp":"2026-07-25T17:40:12.810495054Z","LogContent":"wait ch exit","FunctionType":""}
{"Module":"Shim","InstanceId":"cc052924ff934beb996a1f22a277345f","ContainerId":"cc052924ff934beb996a1f22a277345f","Timestamp":"2026-07-25T17:40:12.81106594Z","LogContent":"wait ch exit","FunctionType":""}
{"Module":"Shim","InstanceId":"d37af8aa51c345069e4df92f8dee79a5","ContainerId":"d37af8aa51c345069e4df92f8dee79a5","Timestamp":"2026-07-25T17:40:12.81126697Z","LogContent":"wait ch exit","FunctionType":""}
{"Module":"Shim","InstanceId":"ac4a84fea07e422aaf9acbca0ca93d42","ContainerId":"ac4a84fea07e422aaf9acbca0ca93d42","Timestamp":"2026-07-25T17:40:12.811453521Z","LogContent":"wait ch exit","FunctionType":""}
{"Module":"Shim","InstanceId":"8517f11b2a264e2a9a0147989408a40a","ContainerId":"8517f11b2a264e2a9a0147989408a40a","Timestamp":"2026-07-25T17:40:12.811585671Z","LogContent":"wait ch exit","FunctionType":""}
{"Module":"Shim","InstanceId":"08a70338cb684dd3bbad5a9de1b8dd93","ContainerId":"08a70338cb684dd3bbad5a9de1b8dd93","Timestamp":"2026-07-25T17:40:12.811716599Z","LogContent":"wait ch exit","FunctionType":""}
{"Module":"Shim","InstanceId":"e65d0cdf57a64fd89821b774cd314690","ContainerId":"e65d0cdf57a64fd89821b774cd314690","Timestamp":"2026-07-25T17:40:12.813445449Z","LogContent":"wait ch exit","FunctionType":""}
{"Module":"Shim","InstanceId":"c6b9e81323394aafa4e2de1c6f2e4686","ContainerId":"c6b9e81323394aafa4e2de1c6f2e4686","Timestamp":"2026-07-25T17:40:12.814961235Z","LogContent":"wait ch exit","FunctionType":""}
{"Module":"Shim","InstanceId":"b2efe8f91b9c4b7fb3e92a5ef4f4ff3e","ContainerId":"b2efe8f91b9c4b7fb3e92a5ef4f4ff3e","Timestamp":"2026-07-25T17:40:12.825761421Z","LogContent":"destroy sandbox finish","FunctionType":""}
{"Module":"Shim","InstanceId":"b2efe8f91b9c4b7fb3e92a5ef4f4ff3e","ContainerId":"b2efe8f91b9c4b7fb3e92a5ef4f4ff3e","Timestamp":"2026-07-25T17:40:12.825776562Z","LogContent":"shutdown req finish","FunctionType":""}
{"Module":"Shim","InstanceId":"08a70338cb684dd3bbad5a9de1b8dd93","ContainerId":"08a70338cb684dd3bbad5a9de1b8dd93","Timestamp":"2026-07-25T17:40:12.838613547Z","LogContent":"destroy sandbox finish","FunctionType":""}
{"Module":"Shim","InstanceId":"08a70338cb684dd3bbad5a9de1b8dd93","ContainerId":"08a70338cb684dd3bbad5a9de1b8dd93","Timestamp":"2026-07-25T17:40:12.838627396Z","LogContent":"shutdown req finish","FunctionType":""}
{"Module":"Shim","InstanceId":"2f31a933c72742abbb3bc508d32a5f8a","ContainerId":"2f31a933c72742abbb3bc508d32a5f8a","Timestamp":"2026-07-25T17:40:12.838621163Z","LogContent":"destroy sandbox finish","FunctionType":""}
{"Module":"Shim","InstanceId":"4dbe4154f67a4292adc0cd7bf48e0ebc","ContainerId":"4dbe4154f67a4292adc0cd7bf48e0ebc","Timestamp":"2026-07-25T17:40:12.838611123Z","LogContent":"destroy sandbox finish","FunctionType":""}
{"Module":"Shim","InstanceId":"2f31a933c72742abbb3bc508d32a5f8a","ContainerId":"2f31a933c72742abbb3bc508d32a5f8a","Timestamp":"2026-07-25T17:40:12.838635011Z","LogContent":"shutdown req finish","FunctionType":""}
{"Module":"Shim","InstanceId":"d37af8aa51c345069e4df92f8dee79a5","ContainerId":"d37af8aa51c345069e4df92f8dee79a5","Timestamp":"2026-07-25T17:40:12.838666005Z","LogContent":"destroy sandbox finish","FunctionType":""}
{"Module":"Shim","InstanceId":"4dbe4154f67a4292adc0cd7bf48e0ebc","ContainerId":"4dbe4154f67a4292adc0cd7bf48e0ebc","Timestamp":"2026-07-25T17:40:12.838627346Z","LogContent":"shutdown req finish","FunctionType":""}
{"Module":"Shim","InstanceId":"ac4a84fea07e422aaf9acbca0ca93d42","ContainerId":"ac4a84fea07e422aaf9acbca0ca93d42","Timestamp":"2026-07-25T17:40:12.838870793Z","LogContent":"destroy sandbox finish","FunctionType":""}
{"Module":"Shim","InstanceId":"d37af8aa51c345069e4df92f8dee79a5","ContainerId":"d37af8aa51c345069e4df92f8dee79a5","Timestamp":"2026-07-25T17:40:12.838682789Z","LogContent":"shutdown req finish","FunctionType":""}
{"Module":"Shim","InstanceId":"8517f11b2a264e2a9a0147989408a40a","ContainerId":"8517f11b2a264e2a9a0147989408a40a","Timestamp":"2026-07-25T17:40:12.838864129Z","LogContent":"destroy sandbox finish","FunctionType":""}
{"Module":"Shim","InstanceId":"8517f11b2a264e2a9a0147989408a40a","ContainerId":"8517f11b2a264e2a9a0147989408a40a","Timestamp":"2026-07-25T17:40:12.838881114Z","LogContent":"shutdown req finish","FunctionType":""}
{"Module":"Shim","InstanceId":"ac4a84fea07e422aaf9acbca0ca93d42","ContainerId":"ac4a84fea07e422aaf9acbca0ca93d42","Timestamp":"2026-07-25T17:40:12.838885222Z","LogContent":"shutdown req finish","FunctionType":""}
{"Module":"Shim","InstanceId":"cc052924ff934beb996a1f22a277345f","ContainerId":"cc052924ff934beb996a1f22a277345f","Timestamp":"2026-07-25T17:40:12.839006881Z","LogContent":"destroy sandbox finish","FunctionType":""}
{"Module":"Shim","InstanceId":"cc052924ff934beb996a1f22a277345f","ContainerId":"cc052924ff934beb996a1f22a277345f","Timestamp":"2026-07-25T17:40:12.83902115Z","LogContent":"shutdown req finish","FunctionType":""}
{"Module":"Shim","InstanceId":"c6b9e81323394aafa4e2de1c6f2e4686","ContainerId":"c6b9e81323394aafa4e2de1c6f2e4686","Timestamp":"2026-07-25T17:40:12.839486951Z","LogContent":"destroy sandbox finish","FunctionType":""}
{"Module":"Shim","InstanceId":"c6b9e81323394aafa4e2de1c6f2e4686","ContainerId":"c6b9e81323394aafa4e2de1c6f2e4686","Timestamp":"2026-07-25T17:40:12.839503054Z","LogContent":"shutdown req finish","FunctionType":""}
{"Module":"Shim","InstanceId":"e65d0cdf57a64fd89821b774cd314690","ContainerId":"e65d0cdf57a64fd89821b774cd314690","Timestamp":"2026-07-25T17:40:12.83947172Z","LogContent":"destroy sandbox finish","FunctionType":""}
{"Module":"Shim","InstanceId":"e65d0cdf57a64fd89821b774cd314690","ContainerId":"e65d0cdf57a64fd89821b774cd314690","Timestamp":"2026-07-25T17:40:12.839486831Z","LogContent":"shutdown req finish","FunctionType":""}
