{"Module":"Shim","InstanceId":"5b274f161c8a407b87f888028ea9e9b6","ContainerId":"5b274f161c8a407b87f888028ea9e9b6","Timestamp":"2026-07-25T17:29:08.933913458Z","LogContent":"create req start","FunctionType":""}
{"Module":"Shim","InstanceId":"5b274f161c8a407b87f888028ea9e9b6","ContainerId":"5b274f161c8a407b87f888028ea9e9b6","Timestamp":"2026-07-25T17:29:08.934015301Z","LogContent":"load spec finish at:0","FunctionType":""}
{"Module":"Shim","InstanceId":"5b274f161c8a407b87f888028ea9e9b6","ContainerId":"5b274f161c8a407b87f888028ea9e9b6","Timestamp":"2026-07-25T17:29:08.934018288Z","LogContent":"shim pid 39450","FunctionType":""}
{"Module":"Shim","InstanceId":"5b274f161c8a407b87f888028ea9e9b6","ContainerId":"5b274f161c8a407b87f888028ea9e9b6","Timestamp":"2026-07-25T17:29:08.934060444Z","LogContent":"snapshot restore init using snapshot_base:/usr/local/services/cubetoolbox/cube-snapshot/cubebox/tpl-c33298206d4846deac922031, memory_vol_url:file:///data/cubelet/storage/cubecow-reflink/volumes/tpl-tpl-c33298206d4846deac922031-memory/tpl-tpl-c33298206d4846deac922031-memory","FunctionType":""}
{"Module":"Shim","InstanceId":"5b274f161c8a407b87f888028ea9e9b6","ContainerId":"5b274f161c8a407b87f888028ea9e9b6","Timestamp":"2026-07-25T17:29:08.934066227Z","LogContent":"start vm start","FunctionType":""}
{"Module":"Shim","InstanceId":"44cf4e5cce894251b5e9020341e34601","ContainerId":"44cf4e5cce894251b5e9020341e34601","Timestamp":"2026-07-25T17:29:08.933047998Z","LogContent":"create req start","FunctionType":""}
{"Module":"Shim","InstanceId":"5b274f161c8a407b87f888028ea9e9b6","ContainerId":"5b274f161c8a407b87f888028ea9e9b6","Timestamp":"2026-07-25T17:29:08.934834746Z","LogContent":"snapshot dir:file:///usr/local/services/cubetoolbox/cube-snapshot/cubebox/tpl-c33298206d4846deac922031/2C2000M/snapshot","FunctionType":""}
{"Module":"Shim","InstanceId":"44cf4e5cce894251b5e9020341e34601","ContainerId":"44cf4e5cce894251b5e9020341e34601","Timestamp":"2026-07-25T17:29:08.933153128Z","LogContent":"load spec finish at:0","FunctionType":""}
{"Module":"Shim","InstanceId":"44cf4e5cce894251b5e9020341e34601","ContainerId":"44cf4e5cce894251b5e9020341e34601","Timestamp":"2026-07-25T17:29:08.933156716Z","LogContent":"shim pid 39425","FunctionType":""}
{"Module":"Shim","InstanceId":"44cf4e5cce894251b5e9020341e34601","ContainerId":"44cf4e5cce894251b5e9020341e34601","Timestamp":"2026-07-25T17:29:08.933206119Z","LogContent":"snapshot restore init using snapshot_base:/usr/local/services/cubetoolbox/cube-snapshot/cubebox/tpl-c33298206d4846deac922031, memory_vol_url:file:///data/cubelet/storage/cubecow-reflink/volumes/tpl-tpl-c33298206d4846deac922031-memory/tpl-tpl-c33298206d4846deac922031-memory","FunctionType":""}
{"Module":"Shim","InstanceId":"44cf4e5cce894251b5e9020341e34601","ContainerId":"44cf4e5cce894251b5e9020341e34601","Timestamp":"2026-07-25T17:29:08.933212484Z","LogContent":"start vm start","FunctionType":""}
{"Module":"Shim","InstanceId":"44cf4e5cce894251b5e9020341e34601","ContainerId":"44cf4e5cce894251b5e9020341e34601","Timestamp":"2026-07-25T17:29:08.934003815Z","LogContent":"snapshot dir:file:///usr/local/services/cubetoolbox/cube-snapshot/cubebox/tpl-c33298206d4846deac922031/2C2000M/snapshot","FunctionType":""}
{"Module":"Shim","InstanceId":"a82dd64c62424c6cae7b359e1b5e1a7c","ContainerId":"a82dd64c62424c6cae7b359e1b5e1a7c","Timestamp":"2026-07-25T17:29:08.93249398Z","LogContent":"create req start","FunctionType":""}
{"Module":"Shim","InstanceId":"5b274f161c8a407b87f888028ea9e9b6","ContainerId":"5b274f161c8a407b87f888028ea9e9b6","Timestamp":"2026-07-25T17:29:08.942168207Z","LogContent":"agent is ready","FunctionType":""}
{"Module":"Shim","InstanceId":"1b78dc7621144aa9aabc638a5b295e1c","ContainerId":"1b78dc7621144aa9aabc638a5b295e1c","Timestamp":"2026-07-25T17:29:08.932718043Z","LogContent":"create req start","FunctionType":""}
{"Module":"Shim","InstanceId":"a82dd64c62424c6cae7b359e1b5e1a7c","ContainerId":"a82dd64c62424c6cae7b359e1b5e1a7c","Timestamp":"2026-07-25T17:29:08.93261212Z","LogContent":"load spec finish at:0","FunctionType":""}
{"Module":"Shim","InstanceId":"a82dd64c62424c6cae7b359e1b5e1a7c","ContainerId":"a82dd64c62424c6cae7b359e1b5e1a7c","Timestamp":"2026-07-25T17:29:08.932618034Z","LogContent":"shim pid 39423","FunctionType":""}
{"Module":"Shim","InstanceId":"a82dd64c62424c6cae7b359e1b5e1a7c","ContainerId":"a82dd64c62424c6cae7b359e1b5e1a7c","Timestamp":"2026-07-25T17:29:08.932691121Z","LogContent":"snapshot restore init using snapshot_base:/usr/local/services/cubetoolbox/cube-snapshot/cubebox/tpl-c33298206d4846deac922031, memory_vol_url:file:///data/cubelet/storage/cubecow-reflink/volumes/tpl-tpl-c33298206d4846deac922031-memory/tpl-tpl-c33298206d4846deac922031-memory","FunctionType":""}
{"Module":"Shim","InstanceId":"a82dd64c62424c6cae7b359e1b5e1a7c","ContainerId":"a82dd64c62424c6cae7b359e1b5e1a7c","Timestamp":"2026-07-25T17:29:08.932700954Z","LogContent":"start vm start","FunctionType":""}
{"Module":"Shim","InstanceId":"a82dd64c62424c6cae7b359e1b5e1a7c","ContainerId":"a82dd64c62424c6cae7b359e1b5e1a7c","Timestamp":"2026-07-25T17:29:08.933803987Z","LogContent":"snapshot dir:file:///usr/local/services/cubetoolbox/cube-snapshot/cubebox/tpl-c33298206d4846deac922031/2C2000M/snapshot","FunctionType":""}
{"Module":"Shim","InstanceId":"1b78dc7621144aa9aabc638a5b295e1c","ContainerId":"1b78dc7621144aa9aabc638a5b295e1c","Timestamp":"2026-07-25T17:29:08.932825659Z","LogContent":"load spec finish at:0","FunctionType":""}
{"Module":"Shim","InstanceId":"1b78dc7621144aa9aabc638a5b295e1c","ContainerId":"1b78dc7621144aa9aabc638a5b295e1c","Timestamp":"2026-07-25T17:29:08.932829989Z","LogContent":"shim pid 39433","FunctionType":""}
{"Module":"Shim","InstanceId":"1b78dc7621144aa9aabc638a5b295e1c","ContainerId":"1b78dc7621144aa9aabc638a5b295e1c","Timestamp":"2026-07-25T17:29:08.932883481Z","LogContent":"snapshot restore init using snapshot_base:/usr/local/services/cubetoolbox/cube-snapshot/cubebox/tpl-c33298206d4846deac922031, memory_vol_url:file:///data/cubelet/storage/cubecow-reflink/volumes/tpl-tpl-c33298206d4846deac922031-memory/tpl-tpl-c33298206d4846deac922031-memory","FunctionType":""}
{"Module":"Shim","InstanceId":"1b78dc7621144aa9aabc638a5b295e1c","ContainerId":"1b78dc7621144aa9aabc638a5b295e1c","Timestamp":"2026-07-25T17:29:08.932889485Z","LogContent":"start vm start","FunctionType":""}
{"Module":"Shim","InstanceId":"1b78dc7621144aa9aabc638a5b295e1c","ContainerId":"1b78dc7621144aa9aabc638a5b295e1c","Timestamp":"2026-07-25T17:29:08.933803005Z","LogContent":"snapshot dir:file:///usr/local/services/cubetoolbox/cube-snapshot/cubebox/tpl-c33298206d4846deac922031/2C2000M/snapshot","FunctionType":""}
{"Module":"Shim","InstanceId":"44cf4e5cce894251b5e9020341e34601","ContainerId":"44cf4e5cce894251b5e9020341e34601","Timestamp":"2026-07-25T17:29:08.944895808Z","LogContent":"agent is ready","FunctionType":""}
{"Module":"Shim","InstanceId":"1b78dc7621144aa9aabc638a5b295e1c","ContainerId":"1b78dc7621144aa9aabc638a5b295e1c","Timestamp":"2026-07-25T17:29:08.942249182Z","LogContent":"agent is ready","FunctionType":""}
{"Module":"Shim","InstanceId":"31637c83e5c54eb0b3bd534f31504706","ContainerId":"31637c83e5c54eb0b3bd534f31504706","Timestamp":"2026-07-25T17:29:08.933357145Z","LogContent":"create req start","FunctionType":""}
{"Module":"Shim","InstanceId":"86e93e932d6c4a9d8c06efe7b4f8122b","ContainerId":"86e93e932d6c4a9d8c06efe7b4f8122b","Timestamp":"2026-07-25T17:29:08.932488307Z","LogContent":"create req start","FunctionType":""}
{"Module":"Shim","InstanceId":"31637c83e5c54eb0b3bd534f31504706","ContainerId":"31637c83e5c54eb0b3bd534f31504706","Timestamp":"2026-07-25T17:29:08.933474824Z","LogContent":"load spec finish at:0","FunctionType":""}
{"Module":"Shim","InstanceId":"86e93e932d6c4a9d8c06efe7b4f8122b","ContainerId":"86e93e932d6c4a9d8c06efe7b4f8122b","Timestamp":"2026-07-25T17:29:08.932611449Z","LogContent":"load spec finish at:0","FunctionType":""}
{"Module":"Shim","InstanceId":"86e93e932d6c4a9d8c06efe7b4f8122b","ContainerId":"86e93e932d6c4a9d8c06efe7b4f8122b","Timestamp":"2026-07-25T17:29:08.932618104Z","LogContent":"shim pid 39427","FunctionType":""}
{"Module":"Shim","InstanceId":"31637c83e5c54eb0b3bd534f31504706","ContainerId":"31637c83e5c54eb0b3bd534f31504706","Timestamp":"2026-07-25T17:29:08.933478553Z","LogContent":"shim pid 39465","FunctionType":""}
{"Module":"Shim","InstanceId":"86e93e932d6c4a9d8c06efe7b4f8122b","ContainerId":"86e93e932d6c4a9d8c06efe7b4f8122b","Timestamp":"2026-07-25T17:29:08.932690891Z","LogContent":"snapshot restore init using snapshot_base:/usr/local/services/cubetoolbox/cube-snapshot/cubebox/tpl-c33298206d4846deac922031, memory_vol_url:file:///data/cubelet/storage/cubecow-reflink/volumes/tpl-tpl-c33298206d4846deac922031-memory/tpl-tpl-c33298206d4846deac922031-memory","FunctionType":""}
{"Module":"Shim","InstanceId":"86e93e932d6c4a9d8c06efe7b4f8122b","ContainerId":"86e93e932d6c4a9d8c06efe7b4f8122b","Timestamp":"2026-07-25T17:29:08.93270365Z","LogContent":"start vm start","FunctionType":""}
{"Module":"Shim","InstanceId":"31637c83e5c54eb0b3bd534f31504706","ContainerId":"31637c83e5c54eb0b3bd534f31504706","Timestamp":"2026-07-25T17:29:08.933522914Z","LogContent":"snapshot restore init using snapshot_base:/usr/local/services/cubetoolbox/cube-snapshot/cubebox/tpl-c33298206d4846deac922031, memory_vol_url:file:///data/cubelet/storage/cubecow-reflink/volumes/tpl-tpl-c33298206d4846deac922031-memory/tpl-tpl-c33298206d4846deac922031-memory","FunctionType":""}
{"Module":"Shim","InstanceId":"464514b10d23438e84aa2da5629f4e17","ContainerId":"464514b10d23438e84aa2da5629f4e17","Timestamp":"2026-07-25T17:29:08.932482684Z","LogContent":"create req start","FunctionType":""}
{"Module":"Shim","InstanceId":"31637c83e5c54eb0b3bd534f31504706","ContainerId":"31637c83e5c54eb0b3bd534f31504706","Timestamp":"2026-07-25T17:29:08.933529169Z","LogContent":"start vm start","FunctionType":""}
{"Module":"Shim","InstanceId":"464514b10d23438e84aa2da5629f4e17","ContainerId":"464514b10d23438e84aa2da5629f4e17","Timestamp":"2026-07-25T17:29:08.932611409Z","LogContent":"load spec finish at:0","FunctionType":""}
{"Module":"Shim","InstanceId":"464514b10d23438e84aa2da5629f4e17","ContainerId":"464514b10d23438e84aa2da5629f4e17","Timestamp":"2026-07-25T17:29:08.932617873Z","LogContent":"shim pid 39424","FunctionType":""}
{"Module":"Shim","InstanceId":"31637c83e5c54eb0b3bd534f31504706","ContainerId":"31637c83e5c54eb0b3bd534f31504706","Timestamp":"2026-07-25T17:29:08.934211911Z","LogContent":"snapshot dir:file:///usr/local/services/cubetoolbox/cube-snapshot/cubebox/tpl-c33298206d4846deac922031/2C2000M/snapshot","FunctionType":""}
{"Module":"Shim","InstanceId":"464514b10d23438e84aa2da5629f4e17","ContainerId":"464514b10d23438e84aa2da5629f4e17","Timestamp":"2026-07-25T17:29:08.93269072Z","LogContent":"snapshot restore init using snapshot_base:/usr/local/services/cubetoolbox/cube-snapshot/cubebox/tpl-c33298206d4846deac922031, memory_vol_url:file:///data/cubelet/storage/cubecow-reflink/volumes/tpl-tpl-c33298206d4846deac922031-memory/tpl-tpl-c33298206d4846deac922031-memory","FunctionType":""}
{"Module":"Shim","InstanceId":"86e93e932d6c4a9d8c06efe7b4f8122b","ContainerId":"86e93e932d6c4a9d8c06efe7b4f8122b","Timestamp":"2026-07-25T17:29:08.933802745Z","LogContent":"snapshot dir:file:///usr/local/services/cubetoolbox/cube-snapshot/cubebox/tpl-c33298206d4846deac922031/2C2000M/snapshot","FunctionType":""}
{"Module":"Shim","InstanceId":"464514b10d23438e84aa2da5629f4e17","ContainerId":"464514b10d23438e84aa2da5629f4e17","Timestamp":"2026-07-25T17:29:08.932697205Z","LogContent":"start vm start","FunctionType":""}
{"Module":"Shim","InstanceId":"464514b10d23438e84aa2da5629f4e17","ContainerId":"464514b10d23438e84aa2da5629f4e17","Timestamp":"2026-07-25T17:29:08.933802785Z","LogContent":"snapshot dir:file:///usr/local/services/cubetoolbox/cube-snapshot/cubebox/tpl-c33298206d4846deac922031/2C2000M/snapshot","FunctionType":""}
{"Module":"Shim","InstanceId":"464514b10d23438e84aa2da5629f4e17","ContainerId":"464514b10d23438e84aa2da5629f4e17","Timestamp":"2026-07-25T17:29:08.946295922Z","LogContent":"agent is ready","FunctionType":""}
{"Module":"Shim","InstanceId":"e782331fbb034b3eb40dd83c27e42191","ContainerId":"e782331fbb034b3eb40dd83c27e42191","Timestamp":"2026-07-25T17:29:08.935204903Z","LogContent":"create req start","FunctionType":""}
{"Module":"Shim","InstanceId":"1b78dc7621144aa9aabc638a5b295e1c","ContainerId":"1b78dc7621144aa9aabc638a5b295e1c","Timestamp":"2026-07-25T17:29:08.947034702Z","LogContent":"found pmem:Pmem { file: \"/usr/local/services/cubetoolbox/cubebox_os_image/rfs-012559831ee02da517a1ae56/rfs-012559831ee02da517a1ae56.ext4\", discard_writes: true, source_dir: \"/\", fs_type: \"ext4\", size: Some(1073741824), id: \"pmem-cubebox-image-0\", placeholder: false }","FunctionType":""}
{"Module":"Shim","InstanceId":"86e93e932d6c4a9d8c06efe7b4f8122b","ContainerId":"86e93e932d6c4a9d8c06efe7b4f8122b","Timestamp":"2026-07-25T17:29:08.947493622Z","LogContent":"agent is ready","FunctionType":""}
{"Module":"Shim","InstanceId":"e782331fbb034b3eb40dd83c27e42191","ContainerId":"e782331fbb034b3eb40dd83c27e42191","Timestamp":"2026-07-25T17:29:08.935296633Z","LogContent":"load spec finish at:0","FunctionType":""}
{"Module":"Shim","InstanceId":"1b78dc7621144aa9aabc638a5b295e1c","ContainerId":"1b78dc7621144aa9aabc638a5b295e1c","Timestamp":"2026-07-25T17:29:08.948626034Z","LogContent":"start sandbox finish at:15","FunctionType":""}
{"Module":"Shim","InstanceId":"1b78dc7621144aa9aabc638a5b295e1c","ContainerId":"1b78dc7621144aa9aabc638a5b295e1c","Timestamp":"2026-07-25T17:29:08.949139458Z","LogContent":"{\"msg\":\"receive create sandbox\",\"level\":\"INFO\",\"ts\":\"2026-07-25T17:29:08.944683931Z\"}\r","FunctionType":""}
{"Module":"Shim","InstanceId":"1b78dc7621144aa9aabc638a5b295e1c","ContainerId":"1b78dc7621144aa9aabc638a5b295e1c","Timestamp":"2026-07-25T17:29:08.94916629Z","LogContent":"{\"msg\":\"create sandbox!, add storage:0ms\",\"level\":\"INFO\",\"ts\":\"2026-07-25T17:29:08.944745797Z\"}\r","FunctionType":""}
{"Module":"Shim","InstanceId":"31637c83e5c54eb0b3bd534f31504706","ContainerId":"31637c83e5c54eb0b3bd534f31504706","Timestamp":"2026-07-25T17:29:08.949274136Z","LogContent":"agent is ready","FunctionType":""}
{"Module":"Shim","InstanceId":"a82dd64c62424c6cae7b359e1b5e1a7c","ContainerId":"a82dd64c62424c6cae7b359e1b5e1a7c","Timestamp":"2026-07-25T17:29:08.949440227Z","LogContent":"agent is ready","FunctionType":""}
{"Module":"Shim","InstanceId":"5b274f161c8a407b87f888028ea9e9b6","ContainerId":"5b274f161c8a407b87f888028ea9e9b6","Timestamp":"2026-07-25T17:29:08.949699199Z","LogContent":"found pmem:Pmem { file: \"/usr/local/services/cubetoolbox/cubebox_os_image/rfs-012559831ee02da517a1ae56/rfs-012559831ee02da517a1ae56.ext4\", discard_writes: true, source_dir: \"/\", fs_type: \"ext4\", size: Some(1073741824), id: \"pmem-cubebox-image-0\", placeholder: false }","FunctionType":""}
{"Module":"Shim","InstanceId":"e782331fbb034b3eb40dd83c27e42191","ContainerId":"e782331fbb034b3eb40dd83c27e42191","Timestamp":"2026-07-25T17:29:08.935300031Z","LogContent":"shim pid 39478","FunctionType":""}
{"Module":"Shim","InstanceId":"e782331fbb034b3eb40dd83c27e42191","ContainerId":"e782331fbb034b3eb40dd83c27e42191","Timestamp":"2026-07-25T17:29:08.935344803Z","LogContent":"snapshot restore init using snapshot_base:/usr/local/services/cubetoolbox/cube-snapshot/cubebox/tpl-c33298206d4846deac922031, memory_vol_url:file:///data/cubelet/storage/cubecow-reflink/volumes/tpl-tpl-c33298206d4846deac922031-memory/tpl-tpl-c33298206d4846deac922031-memory","FunctionType":""}
{"Module":"Shim","InstanceId":"e782331fbb034b3eb40dd83c27e42191","ContainerId":"e782331fbb034b3eb40dd83c27e42191","Timestamp":"2026-07-25T17:29:08.935351469Z","LogContent":"start vm start","FunctionType":""}
{"Module":"Shim","InstanceId":"e782331fbb034b3eb40dd83c27e42191","ContainerId":"e782331fbb034b3eb40dd83c27e42191","Timestamp":"2026-07-25T17:29:08.936101154Z","LogContent":"snapshot dir:file:///usr/local/services/cubetoolbox/cube-snapshot/cubebox/tpl-c33298206d4846deac922031/2C2000M/snapshot","FunctionType":""}
{"Module":"Shim","InstanceId":"c1c31f4b9d5e4082ba263c47ad170805","ContainerId":"c1c31f4b9d5e4082ba263c47ad170805","Timestamp":"2026-07-25T17:29:08.934420558Z","LogContent":"create req start","FunctionType":""}
{"Module":"Shim","InstanceId":"c1c31f4b9d5e4082ba263c47ad170805","ContainerId":"c1c31f4b9d5e4082ba263c47ad170805","Timestamp":"2026-07-25T17:29:08.934551769Z","LogContent":"load spec finish at:0","FunctionType":""}
{"Module":"Shim","InstanceId":"464514b10d23438e84aa2da5629f4e17","ContainerId":"464514b10d23438e84aa2da5629f4e17","Timestamp":"2026-07-25T17:29:08.950886185Z","LogContent":"found pmem:Pmem { file: \"/usr/local/services/cubetoolbox/cubebox_os_image/rfs-012559831ee02da517a1ae56/rfs-012559831ee02da517a1ae56.ext4\", discard_writes: true, source_dir: \"/\", fs_type: \"ext4\", size: Some(1073741824), id: \"pmem-cubebox-image-0\", placeholder: false }","FunctionType":""}
{"Module":"Shim","InstanceId":"1b78dc7621144aa9aabc638a5b295e1c","ContainerId":"1b78dc7621144aa9aabc638a5b295e1c","Timestamp":"2026-07-25T17:29:08.951135716Z","LogContent":"exec a child process\r","FunctionType":""}
{"Module":"Shim","InstanceId":"5b274f161c8a407b87f888028ea9e9b6","ContainerId":"5b274f161c8a407b87f888028ea9e9b6","Timestamp":"2026-07-25T17:29:08.951713167Z","LogContent":"start sandbox finish at:17","FunctionType":""}
{"Module":"Shim","InstanceId":"86e93e932d6c4a9d8c06efe7b4f8122b","ContainerId":"86e93e932d6c4a9d8c06efe7b4f8122b","Timestamp":"2026-07-25T17:29:08.952759532Z","LogContent":"found pmem:Pmem { file: \"/usr/local/services/cubetoolbox/cubebox_os_image/rfs-012559831ee02da517a1ae56/rfs-012559831ee02da517a1ae56.ext4\", discard_writes: true, source_dir: \"/\", fs_type: \"ext4\", size: Some(1073741824), id: \"pmem-cubebox-image-0\", placeholder: false }","FunctionType":""}
{"Module":"Shim","InstanceId":"c1c31f4b9d5e4082ba263c47ad170805","ContainerId":"c1c31f4b9d5e4082ba263c47ad170805","Timestamp":"2026-07-25T17:29:08.934555828Z","LogContent":"shim pid 39449","FunctionType":""}
{"Module":"Shim","InstanceId":"6011a56d4aa54f409e58a21e8e5561fa","ContainerId":"6011a56d4aa54f409e58a21e8e5561fa","Timestamp":"2026-07-25T17:29:08.933659567Z","LogContent":"create req start","FunctionType":""}
{"Module":"Shim","InstanceId":"6011a56d4aa54f409e58a21e8e5561fa","ContainerId":"6011a56d4aa54f409e58a21e8e5561fa","Timestamp":"2026-07-25T17:29:08.933747288Z","LogContent":"load spec finish at:0","FunctionType":""}
{"Module":"Shim","InstanceId":"6011a56d4aa54f409e58a21e8e5561fa","ContainerId":"6011a56d4aa54f409e58a21e8e5561fa","Timestamp":"2026-07-25T17:29:08.933751177Z","LogContent":"shim pid 39432","FunctionType":""}
{"Module":"Shim","InstanceId":"6011a56d4aa54f409e58a21e8e5561fa","ContainerId":"6011a56d4aa54f409e58a21e8e5561fa","Timestamp":"2026-07-25T17:29:08.933787981Z","LogContent":"snapshot restore init using snapshot_base:/usr/local/services/cubetoolbox/cube-snapshot/cubebox/tpl-c33298206d4846deac922031, memory_vol_url:file:///data/cubelet/storage/cubecow-reflink/volumes/tpl-tpl-c33298206d4846deac922031-memory/tpl-tpl-c33298206d4846deac922031-memory","FunctionType":""}
{"Module":"Shim","InstanceId":"6011a56d4aa54f409e58a21e8e5561fa","ContainerId":"6011a56d4aa54f409e58a21e8e5561fa","Timestamp":"2026-07-25T17:29:08.933792712Z","LogContent":"start vm start","FunctionType":""}
{"Module":"Shim","InstanceId":"6011a56d4aa54f409e58a21e8e5561fa","ContainerId":"6011a56d4aa54f409e58a21e8e5561fa","Timestamp":"2026-07-25T17:29:08.93465287Z","LogContent":"snapshot dir:file:///usr/local/services/cubetoolbox/cube-snapshot/cubebox/tpl-c33298206d4846deac922031/2C2000M/snapshot","FunctionType":""}
{"Module":"Shim","InstanceId":"1b78dc7621144aa9aabc638a5b295e1c","ContainerId":"1b78dc7621144aa9aabc638a5b295e1c","Timestamp":"2026-07-25T17:29:08.953692236Z","LogContent":"{\"msg\":\"[cube-strace]recv create container\",\"level\":\"INFO\",\"ts\":\"2026-07-25T17:29:08.947123095Z\"}\r","FunctionType":""}
{"Module":"Shim","InstanceId":"1b78dc7621144aa9aabc638a5b295e1c","ContainerId":"1b78dc7621144aa9aabc638a5b295e1c","Timestamp":"2026-07-25T17:29:08.953757425Z","LogContent":"{\"msg\":\"create container by restore\",\"level\":\"INFO\",\"ts\":\"2026-07-25T17:29:08.947364609Z\"}\r","FunctionType":""}
{"Module":"Shim","InstanceId":"e782331fbb034b3eb40dd83c27e42191","ContainerId":"e782331fbb034b3eb40dd83c27e42191","Timestamp":"2026-07-25T17:29:08.95409589Z","LogContent":"agent is ready","FunctionType":""}
{"Module":"Shim","InstanceId":"a82dd64c62424c6cae7b359e1b5e1a7c","ContainerId":"a82dd64c62424c6cae7b359e1b5e1a7c","Timestamp":"2026-07-25T17:29:08.953974893Z","LogContent":"found pmem:Pmem { file: \"/usr/local/services/cubetoolbox/cubebox_os_image/rfs-012559831ee02da517a1ae56/rfs-012559831ee02da517a1ae56.ext4\", discard_writes: true, source_dir: \"/\", fs_type: \"ext4\", size: Some(1073741824), id: \"pmem-cubebox-image-0\", placeholder: false }","FunctionType":""}
{"Module":"Shim","InstanceId":"6011a56d4aa54f409e58a21e8e5561fa","ContainerId":"6011a56d4aa54f409e58a21e8e5561fa","Timestamp":"2026-07-25T17:29:08.954823184Z","LogContent":"agent is ready","FunctionType":""}
{"Module":"Shim","InstanceId":"5b274f161c8a407b87f888028ea9e9b6","ContainerId":"5b274f161c8a407b87f888028ea9e9b6","Timestamp":"2026-07-25T17:29:08.953831254Z","LogContent":"{\"msg\":\"receive create sandbox\",\"level\":\"INFO\",\"ts\":\"2026-07-25T17:29:08.945734389Z\"}\r","FunctionType":""}
{"Module":"Shim","InstanceId":"5b274f161c8a407b87f888028ea9e9b6","ContainerId":"5b274f161c8a407b87f888028ea9e9b6","Timestamp":"2026-07-25T17:29:08.954289242Z","LogContent":"{\"msg\":\"create sandbox!, add storage:0ms\",\"level\":\"INFO\",\"ts\":\"2026-07-25T17:29:08.945789172Z\"}\r","FunctionType":""}
{"Module":"Shim","InstanceId":"5b274f161c8a407b87f888028ea9e9b6","ContainerId":"5b274f161c8a407b87f888028ea9e9b6","Timestamp":"2026-07-25T17:29:08.955162109Z","LogContent":"{\"msg\":\"[cube-strace]recv create container\",\"level\":\"INFO\",\"ts\":\"2026-07-25T17:29:08.949244416Z\"}\r","FunctionType":""}
{"Module":"Shim","InstanceId":"86e93e932d6c4a9d8c06efe7b4f8122b","ContainerId":"86e93e932d6c4a9d8c06efe7b4f8122b","Timestamp":"2026-07-25T17:29:08.955579244Z","LogContent":"{\"msg\":\"receive create sandbox\",\"level\":\"INFO\",\"ts\":\"2026-07-25T17:29:08.952968205Z\"}\r","FunctionType":""}
{"Module":"Shim","InstanceId":"86e93e932d6c4a9d8c06efe7b4f8122b","ContainerId":"86e93e932d6c4a9d8c06efe7b4f8122b","Timestamp":"2026-07-25T17:29:08.955619987Z","LogContent":"{\"msg\":\"create sandbox!, add storage:0ms\",\"level\":\"INFO\",\"ts\":\"2026-07-25T17:29:08.953025383Z\"}\r","FunctionType":""}
{"Module":"Shim","InstanceId":"86e93e932d6c4a9d8c06efe7b4f8122b","ContainerId":"86e93e932d6c4a9d8c06efe7b4f8122b","Timestamp":"2026-07-25T17:29:08.95576562Z","LogContent":"start sandbox finish at:23","FunctionType":""}
{"Module":"Shim","InstanceId":"464514b10d23438e84aa2da5629f4e17","ContainerId":"464514b10d23438e84aa2da5629f4e17","Timestamp":"2026-07-25T17:29:08.956103854Z","LogContent":"{\"msg\":\"receive create sandbox\",\"level\":\"INFO\",\"ts\":\"2026-07-25T17:29:08.948646979Z\"}\r","FunctionType":""}
{"Module":"Shim","InstanceId":"c1c31f4b9d5e4082ba263c47ad170805","ContainerId":"c1c31f4b9d5e4082ba263c47ad170805","Timestamp":"2026-07-25T17:29:08.934603647Z","LogContent":"snapshot restore init using snapshot_base:/usr/local/services/cubetoolbox/cube-snapshot/cubebox/tpl-c33298206d4846deac922031, memory_vol_url:file:///data/cubelet/storage/cubecow-reflink/volumes/tpl-tpl-c33298206d4846deac922031-memory/tpl-tpl-c33298206d4846deac922031-memory","FunctionType":""}
{"Module":"Shim","InstanceId":"c1c31f4b9d5e4082ba263c47ad170805","ContainerId":"c1c31f4b9d5e4082ba263c47ad170805","Timestamp":"2026-07-25T17:29:08.934609671Z","LogContent":"start vm start","FunctionType":""}
{"Module":"Shim","InstanceId":"c1c31f4b9d5e4082ba263c47ad170805","ContainerId":"c1c31f4b9d5e4082ba263c47ad170805","Timestamp":"2026-07-25T17:29:08.93540891Z","LogContent":"snapshot dir:file:///usr/local/services/cubetoolbox/cube-snapshot/cubebox/tpl-c33298206d4846deac922031/2C2000M/snapshot","FunctionType":""}
{"Module":"Shim","InstanceId":"c1c31f4b9d5e4082ba263c47ad170805","ContainerId":"c1c31f4b9d5e4082ba263c47ad170805","Timestamp":"2026-07-25T17:29:08.952929Z","LogContent":"agent is ready","FunctionType":""}
{"Module":"Shim","InstanceId":"a82dd64c62424c6cae7b359e1b5e1a7c","ContainerId":"a82dd64c62424c6cae7b359e1b5e1a7c","Timestamp":"2026-07-25T17:29:08.956395973Z","LogContent":"start sandbox finish at:23","FunctionType":""}
{"Module":"Shim","InstanceId":"86e93e932d6c4a9d8c06efe7b4f8122b","ContainerId":"86e93e932d6c4a9d8c06efe7b4f8122b","Timestamp":"2026-07-25T17:29:08.957114537Z","LogContent":"exec a child process\r","FunctionType":""}
{"Module":"Shim","InstanceId":"464514b10d23438e84aa2da5629f4e17","ContainerId":"464514b10d23438e84aa2da5629f4e17","Timestamp":"2026-07-25T17:29:08.957191523Z","LogContent":"{\"msg\":\"create sandbox!, add storage:0ms\",\"level\":\"INFO\",\"ts\":\"2026-07-25T17:29:08.948691222Z\"}\r","FunctionType":""}
{"Module":"Shim","InstanceId":"31637c83e5c54eb0b3bd534f31504706","ContainerId":"31637c83e5c54eb0b3bd534f31504706","Timestamp":"2026-07-25T17:29:08.957602253Z","LogContent":"found pmem:Pmem { file: \"/usr/local/services/cubetoolbox/cubebox_os_image/rfs-012559831ee02da517a1ae56/rfs-012559831ee02da517a1ae56.ext4\", discard_writes: true, source_dir: \"/\", fs_type: \"ext4\", size: Some(1073741824), id: \"pmem-cubebox-image-0\", placeholder: false }","FunctionType":""}
{"Module":"Shim","InstanceId":"464514b10d23438e84aa2da5629f4e17","ContainerId":"464514b10d23438e84aa2da5629f4e17","Timestamp":"2026-07-25T17:29:08.95769711Z","LogContent":"start sandbox finish at:25","FunctionType":""}
{"Module":"Shim","InstanceId":"5b274f161c8a407b87f888028ea9e9b6","ContainerId":"5b274f161c8a407b87f888028ea9e9b6","Timestamp":"2026-07-25T17:29:08.955469854Z","LogContent":"{exec a child process\r","FunctionType":""}
{"Module":"Shim","InstanceId":"5b274f161c8a407b87f888028ea9e9b6","ContainerId":"5b274f161c8a407b87f888028ea9e9b6","Timestamp":"2026-07-25T17:29:08.955705423Z","LogContent":"\"msg\":\"create container by restore\",\"level\":\"INFO\",\"ts\":\"2026-07-25T17:29:08.949794981Z\"}\r","FunctionType":""}
{"Module":"Shim","InstanceId":"6011a56d4aa54f409e58a21e8e5561fa","ContainerId":"6011a56d4aa54f409e58a21e8e5561fa","Timestamp":"2026-07-25T17:29:08.958870986Z","LogContent":"found pmem:Pmem { file: \"/usr/local/services/cubetoolbox/cubebox_os_image/rfs-012559831ee02da517a1ae56/rfs-012559831ee02da517a1ae56.ext4\", discard_writes: true, source_dir: \"/\", fs_type: \"ext4\", size: Some(1073741824), id: \"pmem-cubebox-image-0\", placeholder: false }","FunctionType":""}
{"Module":"Shim","InstanceId":"86e93e932d6c4a9d8c06efe7b4f8122b","ContainerId":"86e93e932d6c4a9d8c06efe7b4f8122b","Timestamp":"2026-07-25T17:29:08.958950298Z","LogContent":"{\"msg\":\"[cube-strace]recv create container\",\"level\":\"INFO\",\"ts\":\"2026-07-25T17:29:08.954798385Z\"}\r","FunctionType":""}
{"Module":"Shim","InstanceId":"86e93e932d6c4a9d8c06efe7b4f8122b","ContainerId":"86e93e932d6c4a9d8c06efe7b4f8122b","Timestamp":"2026-07-25T17:29:08.959029639Z","LogContent":"{\"msg\":\"create container by restore\",\"level\":\"INFO\",\"ts\":\"2026-07-25T17:29:08.955002529Z\"}\r","FunctionType":""}
{"Module":"Shim","InstanceId":"a82dd64c62424c6cae7b359e1b5e1a7c","ContainerId":"a82dd64c62424c6cae7b359e1b5e1a7c","Timestamp":"2026-07-25T17:29:08.959027855Z","LogContent":"{\"msg\":\"receive create sandbox\",\"level\":\"INFO\",\"ts\":\"2026-07-25T17:29:08.952339652Z\"}\r","FunctionType":""}
{"Module":"Shim","InstanceId":"464514b10d23438e84aa2da5629f4e17","ContainerId":"464514b10d23438e84aa2da5629f4e17","Timestamp":"2026-07-25T17:29:08.959231351Z","LogContent":"exec a child process\r","FunctionType":""}
{"Module":"Shim","InstanceId":"1b78dc7621144aa9aabc638a5b295e1c","ContainerId":"1b78dc7621144aa9aabc638a5b295e1c","Timestamp":"2026-07-25T17:29:08.959779876Z","LogContent":"exec process start\r","FunctionType":""}
{"Module":"Shim","InstanceId":"44cf4e5cce894251b5e9020341e34601","ContainerId":"44cf4e5cce894251b5e9020341e34601","Timestamp":"2026-07-25T17:29:08.95725136Z","LogContent":"found pmem:Pmem { file: \"/usr/local/services/cubetoolbox/cubebox_os_image/rfs-012559831ee02da517a1ae56/rfs-012559831ee02da517a1ae56.ext4\", discard_writes: true, source_dir: \"/\", fs_type: \"ext4\", size: Some(1073741824), id: \"pmem-cubebox-image-0\", placeholder: false }","FunctionType":""}
{"Module":"Shim","InstanceId":"44cf4e5cce894251b5e9020341e34601","ContainerId":"44cf4e5cce894251b5e9020341e34601","Timestamp":"2026-07-25T17:29:08.961133373Z","LogContent":"start sandbox finish at:28","FunctionType":""}
{"Module":"Shim","InstanceId":"1b78dc7621144aa9aabc638a5b295e1c","ContainerId":"1b78dc7621144aa9aabc638a5b295e1c","Timestamp":"2026-07-25T17:29:08.96120207Z","LogContent":"start container finish at:28","FunctionType":""}
{"Module":"Shim","InstanceId":"1b78dc7621144aa9aabc638a5b295e1c","ContainerId":"1b78dc7621144aa9aabc638a5b295e1c","Timestamp":"2026-07-25T17:29:08.96121067Z","LogContent":"create req finish","FunctionType":""}
{"Module":"Shim","InstanceId":"a82dd64c62424c6cae7b359e1b5e1a7c","ContainerId":"a82dd64c62424c6cae7b359e1b5e1a7c","Timestamp":"2026-07-25T17:29:08.960276031Z","LogContent":"{\"msg\":\"create sandbox!, add storage:0ms\",\"level\":\"INFO\",\"ts\":\"2026-07-25T17:29:08.95291318Z\"}\r","FunctionType":""}
{"Module":"Shim","InstanceId":"c1c31f4b9d5e4082ba263c47ad170805","ContainerId":"c1c31f4b9d5e4082ba263c47ad170805","Timestamp":"2026-07-25T17:29:08.961952738Z","LogContent":"found pmem:Pmem { file: \"/usr/local/services/cubetoolbox/cubebox_os_image/rfs-012559831ee02da517a1ae56/rfs-012559831ee02da517a1ae56.ext4\", discard_writes: true, source_dir: \"/\", fs_type: \"ext4\", size: Some(1073741824), id: \"pmem-cubebox-image-0\", placeholder: false }","FunctionType":""}
{"Module":"Shim","InstanceId":"1b78dc7621144aa9aabc638a5b295e1c","ContainerId":"1b78dc7621144aa9aabc638a5b295e1c","Timestamp":"2026-07-25T17:29:08.962398417Z","LogContent":"start request, id:1b78dc7621144aa9aabc638a5b295e1c, execid:","FunctionType":""}
{"Module":"Shim","InstanceId":"1b78dc7621144aa9aabc638a5b295e1c","ContainerId":"1b78dc7621144aa9aabc638a5b295e1c","Timestamp":"2026-07-25T17:29:08.962540974Z","LogContent":"wait req start, id:1b78dc7621144aa9aabc638a5b295e1c, execid:","FunctionType":""}
{"Module":"Shim","InstanceId":"1b78dc7621144aa9aabc638a5b295e1c","ContainerId":"1b78dc7621144aa9aabc638a5b295e1c","Timestamp":"2026-07-25T17:29:08.962740139Z","LogContent":"starting log forwarding for container:1b78dc7621144aa9aabc638a5b295e1c stdout:stdout stderr:stderr","FunctionType":""}
{"Module":"Shim","InstanceId":"6011a56d4aa54f409e58a21e8e5561fa","ContainerId":"6011a56d4aa54f409e58a21e8e5561fa","Timestamp":"2026-07-25T17:29:08.962385478Z","LogContent":"start sandbox finish at:28","FunctionType":""}
{"Module":"Shim","InstanceId":"6011a56d4aa54f409e58a21e8e5561fa","ContainerId":"6011a56d4aa54f409e58a21e8e5561fa","Timestamp":"2026-07-25T17:29:08.962640642Z","LogContent":"{\"msg\":\"receive create sandbox\",\"level\":\"INFO\",\"ts\":\"2026-07-25T17:29:08.958184078Z\"}\r","FunctionType":""}
{"Module":"Shim","InstanceId":"31637c83e5c54eb0b3bd534f31504706","ContainerId":"31637c83e5c54eb0b3bd534f31504706","Timestamp":"2026-07-25T17:29:08.962869967Z","LogContent":"start sandbox finish at:29","FunctionType":""}
{"Module":"Shim","InstanceId":"6011a56d4aa54f409e58a21e8e5561fa","ContainerId":"6011a56d4aa54f409e58a21e8e5561fa","Timestamp":"2026-07-25T17:29:08.962647397Z","LogContent":"{\"msg\":\"create sandbox!, add storage:0ms\",\"level\":\"INFO\",\"ts\":\"2026-07-25T17:29:08.958245914Z\"}\r","FunctionType":""}
{"Module":"Shim","InstanceId":"1b78dc7621144aa9aabc638a5b295e1c","ContainerId":"1b78dc7621144aa9aabc638a5b295e1c","Timestamp":"2026-07-25T17:29:08.962755705Z","LogContent":"start req finish","FunctionType":""}
{"Module":"Shim","InstanceId":"1b78dc7621144aa9aabc638a5b295e1c","ContainerId":"1b78dc7621144aa9aabc638a5b295e1c","Timestamp":"2026-07-25T17:29:08.962768274Z","LogContent":"wait process start","FunctionType":""}
{"Module":"Shim","InstanceId":"1b78dc7621144aa9aabc638a5b295e1c","ContainerId":"1b78dc7621144aa9aabc638a5b295e1c","Timestamp":"2026-07-25T17:29:08.962768073Z","LogContent":"forward init log stderr start","FunctionType":""}
{"Module":"Shim","InstanceId":"1b78dc7621144aa9aabc638a5b295e1c","ContainerId":"1b78dc7621144aa9aabc638a5b295e1c","Timestamp":"2026-07-25T17:29:08.962794073Z","LogContent":"forward init log stdout start","FunctionType":""}
{"Module":"Shim","InstanceId":"1b78dc7621144aa9aabc638a5b295e1c","ContainerId":"1b78dc7621144aa9aabc638a5b295e1c","Timestamp":"2026-07-25T17:29:08.9632733Z","LogContent":"{\"msg\":\"wait process\",\"level\":\"INFO\",\"ts\":\"2026-07-25T17:29:08.959498865Z\",\"exec-id\":\"\",\"container-id\":\"tpl-c33298206d4846deac922031_0\"}\r","FunctionType":""}
{"Module":"Shim","InstanceId":"1b78dc7621144aa9aabc638a5b295e1c","ContainerId":"1b78dc7621144aa9aabc638a5b295e1c","Timestamp":"2026-07-25T17:29:08.963280125Z","LogContent":"{\"msg\":\"cid tpl-c33298206d4846deac922031_0 eid  waiting for exit signal\",\"level\":\"INFO\",\"ts\":\"2026-07-25T17:29:08.959512851Z\"}\r","FunctionType":""}
{"Module":"Shim","InstanceId":"464514b10d23438e84aa2da5629f4e17","ContainerId":"464514b10d23438e84aa2da5629f4e17","Timestamp":"2026-07-25T17:29:08.963549201Z","LogContent":"{\"msg\":\"[cube-strace]recv create container\",\"level\":\"INFO\",\"ts\":\"2026-07-25T17:29:08.958452098Z\"}\r","FunctionType":""}
{"Module":"Shim","InstanceId":"a82dd64c62424c6cae7b359e1b5e1a7c","ContainerId":"a82dd64c62424c6cae7b359e1b5e1a7c","Timestamp":"2026-07-25T17:29:08.964325948Z","LogContent":"exec a child process\r","FunctionType":""}
{"Module":"Shim","InstanceId":"6011a56d4aa54f409e58a21e8e5561fa","ContainerId":"6011a56d4aa54f409e58a21e8e5561fa","Timestamp":"2026-07-25T17:29:08.964348019Z","LogContent":"exec a child process\r","FunctionType":""}
{"Module":"Shim","InstanceId":"464514b10d23438e84aa2da5629f4e17","ContainerId":"464514b10d23438e84aa2da5629f4e17","Timestamp":"2026-07-25T17:29:08.964544228Z","LogContent":"{\"msg\":\"create container by restore\",\"level\":\"INFO\",\"ts\":\"2026-07-25T17:29:08.9584643Z\"}\r","FunctionType":""}
{"Module":"Shim","InstanceId":"31637c83e5c54eb0b3bd534f31504706","ContainerId":"31637c83e5c54eb0b3bd534f31504706","Timestamp":"2026-07-25T17:29:08.964472413Z","LogContent":"{\"msg\":\"receive create sandbox\",\"level\":\"INFO\",\"ts\":\"2026-07-25T17:29:08.955599482Z\"}\r","FunctionType":""}
{"Module":"Shim","InstanceId":"31637c83e5c54eb0b3bd534f31504706","ContainerId":"31637c83e5c54eb0b3bd534f31504706","Timestamp":"2026-07-25T17:29:08.964528221Z","LogContent":"{\"msg\":\"create sandbox!, add storage:0ms\",\"level\":\"INFO\",\"ts\":\"2026-07-25T17:29:08.955653383Z\"}\r","FunctionType":""}
{"Module":"Shim","InstanceId":"c1c31f4b9d5e4082ba263c47ad170805","ContainerId":"c1c31f4b9d5e4082ba263c47ad170805","Timestamp":"2026-07-25T17:29:08.964906376Z","LogContent":"start sandbox finish at:30","FunctionType":""}
{"Module":"Shim","InstanceId":"c1c31f4b9d5e4082ba263c47ad170805","ContainerId":"c1c31f4b9d5e4082ba263c47ad170805","Timestamp":"2026-07-25T17:29:08.965255686Z","LogContent":"{\"msg\":\"receive create sandbox\",\"level\":\"INFO\",\"ts\":\"2026-07-25T17:29:08.96040733Z\"}\r","FunctionType":""}
{"Module":"Shim","InstanceId":"c1c31f4b9d5e4082ba263c47ad170805","ContainerId":"c1c31f4b9d5e4082ba263c47ad170805","Timestamp":"2026-07-25T17:29:08.965420132Z","LogContent":"{\"msg\":\"create sandbox!, add storage:0ms\",\"level\":\"INFO\",\"ts\":\"2026-07-25T17:29:08.960459919Z\"}\r","FunctionType":""}
{"Module":"Shim","InstanceId":"31637c83e5c54eb0b3bd534f31504706","ContainerId":"31637c83e5c54eb0b3bd534f31504706","Timestamp":"2026-07-25T17:29:08.96631066Z","LogContent":"exec a child process\r","FunctionType":""}
{"Module":"Shim","InstanceId":"31637c83e5c54eb0b3bd534f31504706","ContainerId":"31637c83e5c54eb0b3bd534f31504706","Timestamp":"2026-07-25T17:29:08.967771653Z","LogContent":"{\"msg\":\"[cube-strace]recv create container\",\"level\":\"INFO\",\"ts\":\"2026-07-25T17:29:08.959770311Z\"}\r","FunctionType":""}
{"Module":"Shim","InstanceId":"6011a56d4aa54f409e58a21e8e5561fa","ContainerId":"6011a56d4aa54f409e58a21e8e5561fa","Timestamp":"2026-07-25T17:29:08.968441516Z","LogContent":"{\"msg\":\"[cube-strace]recv create container\",\"level\":\"INFO\",\"ts\":\"2026-07-25T17:29:08.961237456Z\"}\r","FunctionType":""}
{"Module":"Shim","InstanceId":"6011a56d4aa54f409e58a21e8e5561fa","ContainerId":"6011a56d4aa54f409e58a21e8e5561fa","Timestamp":"2026-07-25T17:29:08.968446557Z","LogContent":"{\"msg\":\"create container by restore\",\"level\":\"INFO\",\"ts\":\"2026-07-25T17:29:08.961249459Z\"}\r","FunctionType":""}
{"Module":"Shim","InstanceId":"5b274f161c8a407b87f888028ea9e9b6","ContainerId":"5b274f161c8a407b87f888028ea9e9b6","Timestamp":"2026-07-25T17:29:08.96851757Z","LogContent":"exec process start\r","FunctionType":""}
{"Module":"Shim","InstanceId":"a82dd64c62424c6cae7b359e1b5e1a7c","ContainerId":"a82dd64c62424c6cae7b359e1b5e1a7c","Timestamp":"2026-07-25T17:29:08.968544952Z","LogContent":"{\"msg\":\"[cube-strace]recv create container\",\"level\":\"INFO\",\"ts\":\"2026-07-25T17:29:08.959300946Z\"}\r","FunctionType":""}
{"Module":"Shim","InstanceId":"c1c31f4b9d5e4082ba263c47ad170805","ContainerId":"c1c31f4b9d5e4082ba263c47ad170805","Timestamp":"2026-07-25T17:29:08.968602163Z","LogContent":"{\"msg\":\"[cube-strace]recv create container\",\"level\":\"INFO\",\"ts\":\"2026-07-25T17:29:08.964326927Z\"}\r","FunctionType":""}
{"Module":"Shim","InstanceId":"c1c31f4b9d5e4082ba263c47ad170805","ContainerId":"c1c31f4b9d5e4082ba263c47ad170805","Timestamp":"2026-07-25T17:29:08.96872299Z","LogContent":"exec a child process\r","FunctionType":""}
{"Module":"Shim","InstanceId":"c1c31f4b9d5e4082ba263c47ad170805","ContainerId":"c1c31f4b9d5e4082ba263c47ad170805","Timestamp":"2026-07-25T17:29:08.968847274Z","LogContent":"{\"msg\":\"create container by restore\",\"level\":\"INFO\",\"ts\":\"2026-07-25T17:29:08.964819934Z\"}\r","FunctionType":""}
{"Module":"Shim","InstanceId":"464514b10d23438e84aa2da5629f4e17","ContainerId":"464514b10d23438e84aa2da5629f4e17","Timestamp":"2026-07-25T17:29:08.969572985Z","LogContent":"exec process start\r","FunctionType":""}
{"Module":"Shim","InstanceId":"a82dd64c62424c6cae7b359e1b5e1a7c","ContainerId":"a82dd64c62424c6cae7b359e1b5e1a7c","Timestamp":"2026-07-25T17:29:08.970619188Z","LogContent":"{\"msg\":\"create container by restore\",\"level\":\"INFO\",\"ts\":\"2026-07-25T17:29:08.959311896Z\"}\r","FunctionType":""}
{"Module":"Shim","InstanceId":"44cf4e5cce894251b5e9020341e34601","ContainerId":"44cf4e5cce894251b5e9020341e34601","Timestamp":"2026-07-25T17:29:08.970453569Z","LogContent":"{\"msg\":\"receive create sandbox\",\"level\":\"INFO\",\"ts\":\"2026-07-25T17:29:08.949600944Z\"}\r","FunctionType":""}
{"Module":"Shim","InstanceId":"86e93e932d6c4a9d8c06efe7b4f8122b","ContainerId":"86e93e932d6c4a9d8c06efe7b4f8122b","Timestamp":"2026-07-25T17:29:08.970874092Z","LogContent":"exec process start\r","FunctionType":""}
{"Module":"Shim","InstanceId":"31637c83e5c54eb0b3bd534f31504706","ContainerId":"31637c83e5c54eb0b3bd534f31504706","Timestamp":"2026-07-25T17:29:08.97089939Z","LogContent":"{\"msg\":\"create container by restore\",\"level\":\"INFO\",\"ts\":\"2026-07-25T17:29:08.959934209Z\"}\r","FunctionType":""}
{"Module":"Shim","InstanceId":"464514b10d23438e84aa2da5629f4e17","ContainerId":"464514b10d23438e84aa2da5629f4e17","Timestamp":"2026-07-25T17:29:08.970981127Z","LogContent":"start container finish at:38","FunctionType":""}
{"Module":"Shim","InstanceId":"464514b10d23438e84aa2da5629f4e17","ContainerId":"464514b10d23438e84aa2da5629f4e17","Timestamp":"2026-07-25T17:29:08.971037245Z","LogContent":"create req finish","FunctionType":""}
{"Module":"Shim","InstanceId":"6011a56d4aa54f409e58a21e8e5561fa","ContainerId":"6011a56d4aa54f409e58a21e8e5561fa","Timestamp":"2026-07-25T17:29:08.973487331Z","LogContent":"exec process start\r","FunctionType":""}
{"Module":"Shim","InstanceId":"44cf4e5cce894251b5e9020341e34601","ContainerId":"44cf4e5cce894251b5e9020341e34601","Timestamp":"2026-07-25T17:29:08.970461718Z","LogContent":"{\"msg\":\"create sandbox!, add storage:0ms\",\"level\":\"INFO\",\"ts\":\"2026-07-25T17:29:08.949651819Z\"}\r","FunctionType":""}
{"Module":"Shim","InstanceId":"e782331fbb034b3eb40dd83c27e42191","ContainerId":"e782331fbb034b3eb40dd83c27e42191","Timestamp":"2026-07-25T17:29:08.970961742Z","LogContent":"found pmem:Pmem { file: \"/usr/local/services/cubetoolbox/cubebox_os_image/rfs-012559831ee02da517a1ae56/rfs-012559831ee02da517a1ae56.ext4\", discard_writes: true, source_dir: \"/\", fs_type: \"ext4\", size: Some(1073741824), id: \"pmem-cubebox-image-0\", placeholder: false }","FunctionType":""}
{"Module":"Shim","InstanceId":"5b274f161c8a407b87f888028ea9e9b6","ContainerId":"5b274f161c8a407b87f888028ea9e9b6","Timestamp":"2026-07-25T17:29:08.972908627Z","LogContent":"start container finish at:38","FunctionType":""}
{"Module":"Shim","InstanceId":"86e93e932d6c4a9d8c06efe7b4f8122b","ContainerId":"86e93e932d6c4a9d8c06efe7b4f8122b","Timestamp":"2026-07-25T17:29:08.975716051Z","LogContent":"start container finish at:43","FunctionType":""}
{"Module":"Shim","InstanceId":"6011a56d4aa54f409e58a21e8e5561fa","ContainerId":"6011a56d4aa54f409e58a21e8e5561fa","Timestamp":"2026-07-25T17:29:08.974916261Z","LogContent":"start container finish at:41","FunctionType":""}
{"Module":"Shim","InstanceId":"6011a56d4aa54f409e58a21e8e5561fa","ContainerId":"6011a56d4aa54f409e58a21e8e5561fa","Timestamp":"2026-07-25T17:29:08.974921674Z","LogContent":"create req finish","FunctionType":""}
{"Module":"Shim","InstanceId":"6011a56d4aa54f409e58a21e8e5561fa","ContainerId":"6011a56d4aa54f409e58a21e8e5561fa","Timestamp":"2026-07-25T17:29:08.976369737Z","LogContent":"start request, id:6011a56d4aa54f409e58a21e8e5561fa, execid:","FunctionType":""}
{"Module":"Shim","InstanceId":"86e93e932d6c4a9d8c06efe7b4f8122b","ContainerId":"86e93e932d6c4a9d8c06efe7b4f8122b","Timestamp":"2026-07-25T17:29:08.975723208Z","LogContent":"create req finish","FunctionType":""}
{"Module":"Shim","InstanceId":"5b274f161c8a407b87f888028ea9e9b6","ContainerId":"5b274f161c8a407b87f888028ea9e9b6","Timestamp":"2026-07-25T17:29:08.972917798Z","LogContent":"create req finish","FunctionType":""}
{"Module":"Shim","InstanceId":"5b274f161c8a407b87f888028ea9e9b6","ContainerId":"5b274f161c8a407b87f888028ea9e9b6","Timestamp":"2026-07-25T17:29:08.976674675Z","LogContent":"start request, id:5b274f161c8a407b87f888028ea9e9b6, execid:","FunctionType":""}
{"Module":"Shim","InstanceId":"86e93e932d6c4a9d8c06efe7b4f8122b","ContainerId":"86e93e932d6c4a9d8c06efe7b4f8122b","Timestamp":"2026-07-25T17:29:08.976463602Z","LogContent":"start request, id:86e93e932d6c4a9d8c06efe7b4f8122b, execid:","FunctionType":""}
{"Module":"Shim","InstanceId":"86e93e932d6c4a9d8c06efe7b4f8122b","ContainerId":"86e93e932d6c4a9d8c06efe7b4f8122b","Timestamp":"2026-07-25T17:29:08.976590272Z","LogContent":"wait req start, id:86e93e932d6c4a9d8c06efe7b4f8122b, execid:","FunctionType":""}
{"Module":"Shim","InstanceId":"5b274f161c8a407b87f888028ea9e9b6","ContainerId":"5b274f161c8a407b87f888028ea9e9b6","Timestamp":"2026-07-25T17:29:08.976905082Z","LogContent":"wait req start, id:5b274f161c8a407b87f888028ea9e9b6, execid:","FunctionType":""}
{"Module":"Shim","InstanceId":"5b274f161c8a407b87f888028ea9e9b6","ContainerId":"5b274f161c8a407b87f888028ea9e9b6","Timestamp":"2026-07-25T17:29:08.97694807Z","LogContent":"starting log forwarding for container:5b274f161c8a407b87f888028ea9e9b6 stdout:stdout stderr:stderr","FunctionType":""}
{"Module":"Shim","InstanceId":"5b274f161c8a407b87f888028ea9e9b6","ContainerId":"5b274f161c8a407b87f888028ea9e9b6","Timestamp":"2026-07-25T17:29:08.976973649Z","LogContent":"start req finish","FunctionType":""}
{"Module":"Shim","InstanceId":"31637c83e5c54eb0b3bd534f31504706","ContainerId":"31637c83e5c54eb0b3bd534f31504706","Timestamp":"2026-07-25T17:29:08.977685397Z","LogContent":"exec process start\r","FunctionType":""}
{"Module":"Shim","InstanceId":"464514b10d23438e84aa2da5629f4e17","ContainerId":"464514b10d23438e84aa2da5629f4e17","Timestamp":"2026-07-25T17:29:08.977788223Z","LogContent":"start request, id:464514b10d23438e84aa2da5629f4e17, execid:","FunctionType":""}
{"Module":"Shim","InstanceId":"5b274f161c8a407b87f888028ea9e9b6","ContainerId":"5b274f161c8a407b87f888028ea9e9b6","Timestamp":"2026-07-25T17:29:08.977001693Z","LogContent":"forward init log stderr start","FunctionType":""}
{"Module":"Shim","InstanceId":"5b274f161c8a407b87f888028ea9e9b6","ContainerId":"5b274f161c8a407b87f888028ea9e9b6","Timestamp":"2026-07-25T17:29:08.977051808Z","LogContent":"wait process start","FunctionType":""}
{"Module":"Shim","InstanceId":"5b274f161c8a407b87f888028ea9e9b6","ContainerId":"5b274f161c8a407b87f888028ea9e9b6","Timestamp":"2026-07-25T17:29:08.977115273Z","LogContent":"forward init log stdout start","FunctionType":""}
{"Module":"Shim","InstanceId":"86e93e932d6c4a9d8c06efe7b4f8122b","ContainerId":"86e93e932d6c4a9d8c06efe7b4f8122b","Timestamp":"2026-07-25T17:29:08.977244258Z","LogContent":"starting log forwarding for container:86e93e932d6c4a9d8c06efe7b4f8122b stdout:stdout stderr:stderr","FunctionType":""}
{"Module":"Shim","InstanceId":"86e93e932d6c4a9d8c06efe7b4f8122b","ContainerId":"86e93e932d6c4a9d8c06efe7b4f8122b","Timestamp":"2026-07-25T17:29:08.977260685Z","LogContent":"start req finish","FunctionType":""}
{"Module":"Shim","InstanceId":"86e93e932d6c4a9d8c06efe7b4f8122b","ContainerId":"86e93e932d6c4a9d8c06efe7b4f8122b","Timestamp":"2026-07-25T17:29:08.977293831Z","LogContent":"forward init log stderr start","FunctionType":""}
{"Module":"Shim","InstanceId":"86e93e932d6c4a9d8c06efe7b4f8122b","ContainerId":"86e93e932d6c4a9d8c06efe7b4f8122b","Timestamp":"2026-07-25T17:29:08.979152905Z","LogContent":"wait process start","FunctionType":""}
{"Module":"Shim","InstanceId":"464514b10d23438e84aa2da5629f4e17","ContainerId":"464514b10d23438e84aa2da5629f4e17","Timestamp":"2026-07-25T17:29:08.979356391Z","LogContent":"starting log forwarding for container:464514b10d23438e84aa2da5629f4e17 stdout:stdout stderr:stderr","FunctionType":""}
{"Module":"Shim","InstanceId":"6011a56d4aa54f409e58a21e8e5561fa","ContainerId":"6011a56d4aa54f409e58a21e8e5561fa","Timestamp":"2026-07-25T17:29:08.980477156Z","LogContent":"starting log forwarding for container:6011a56d4aa54f409e58a21e8e5561fa stdout:stdout stderr:stderr","FunctionType":""}
{"Module":"Shim","InstanceId":"6011a56d4aa54f409e58a21e8e5561fa","ContainerId":"6011a56d4aa54f409e58a21e8e5561fa","Timestamp":"2026-07-25T17:29:08.980491278Z","LogContent":"start req finish","FunctionType":""}
{"Module":"Shim","InstanceId":"6011a56d4aa54f409e58a21e8e5561fa","ContainerId":"6011a56d4aa54f409e58a21e8e5561fa","Timestamp":"2026-07-25T17:29:08.980516355Z","LogContent":"forward init log stderr start","FunctionType":""}
{"Module":"Shim","InstanceId":"6011a56d4aa54f409e58a21e8e5561fa","ContainerId":"6011a56d4aa54f409e58a21e8e5561fa","Timestamp":"2026-07-25T17:29:08.980555094Z","LogContent":"wait process start","FunctionType":""}
{"Module":"Shim","InstanceId":"6011a56d4aa54f409e58a21e8e5561fa","ContainerId":"6011a56d4aa54f409e58a21e8e5561fa","Timestamp":"2026-07-25T17:29:08.98057947Z","LogContent":"forward init log stdout start","FunctionType":""}
{"Module":"Shim","InstanceId":"44cf4e5cce894251b5e9020341e34601","ContainerId":"44cf4e5cce894251b5e9020341e34601","Timestamp":"2026-07-25T17:29:08.980844015Z","LogContent":"exec a child process\r","FunctionType":""}
{"Module":"Shim","InstanceId":"31637c83e5c54eb0b3bd534f31504706","ContainerId":"31637c83e5c54eb0b3bd534f31504706","Timestamp":"2026-07-25T17:29:08.980541693Z","LogContent":"start container finish at:47","FunctionType":""}
{"Module":"Shim","InstanceId":"31637c83e5c54eb0b3bd534f31504706","ContainerId":"31637c83e5c54eb0b3bd534f31504706","Timestamp":"2026-07-25T17:29:08.980548469Z","LogContent":"create req finish","FunctionType":""}
{"Module":"Shim","InstanceId":"31637c83e5c54eb0b3bd534f31504706","ContainerId":"31637c83e5c54eb0b3bd534f31504706","Timestamp":"2026-07-25T17:29:08.982000932Z","LogContent":"start request, id:31637c83e5c54eb0b3bd534f31504706, execid:","FunctionType":""}
{"Module":"Shim","InstanceId":"31637c83e5c54eb0b3bd534f31504706","ContainerId":"31637c83e5c54eb0b3bd534f31504706","Timestamp":"2026-07-25T17:29:08.982147718Z","LogContent":"wait req start, id:31637c83e5c54eb0b3bd534f31504706, execid:","FunctionType":""}
{"Module":"Shim","InstanceId":"e782331fbb034b3eb40dd83c27e42191","ContainerId":"e782331fbb034b3eb40dd83c27e42191","Timestamp":"2026-07-25T17:29:08.980513348Z","LogContent":"start sandbox finish at:45","FunctionType":""}
{"Module":"Shim","InstanceId":"e782331fbb034b3eb40dd83c27e42191","ContainerId":"e782331fbb034b3eb40dd83c27e42191","Timestamp":"2026-07-25T17:29:08.980804845Z","LogContent":"{\"msg\":\"receive create sandbox\",\"level\":\"INFO\",\"ts\":\"2026-07-25T17:29:08.963756171Z\"}\r","FunctionType":""}
{"Module":"Shim","InstanceId":"e782331fbb034b3eb40dd83c27e42191","ContainerId":"e782331fbb034b3eb40dd83c27e42191","Timestamp":"2026-07-25T17:29:08.980938612Z","LogContent":"{\"msg\":\"create sandbox!, add storage:0ms\",\"level\":\"INFO\",\"ts\":\"2026-07-25T17:29:08.964066323Z\"}\r","FunctionType":""}
{"Module":"Shim","InstanceId":"e782331fbb034b3eb40dd83c27e42191","ContainerId":"e782331fbb034b3eb40dd83c27e42191","Timestamp":"2026-07-25T17:29:08.982581681Z","LogContent":"exec a child process\r","FunctionType":""}
{"Module":"Shim","InstanceId":"a82dd64c62424c6cae7b359e1b5e1a7c","ContainerId":"a82dd64c62424c6cae7b359e1b5e1a7c","Timestamp":"2026-07-25T17:29:08.982818894Z","LogContent":"exec process start\r","FunctionType":""}
{"Module":"Shim","InstanceId":"6011a56d4aa54f409e58a21e8e5561fa","ContainerId":"6011a56d4aa54f409e58a21e8e5561fa","Timestamp":"2026-07-25T17:29:08.983620358Z","LogContent":"wait req start, id:6011a56d4aa54f409e58a21e8e5561fa, execid:","FunctionType":""}
{"Module":"Shim","InstanceId":"31637c83e5c54eb0b3bd534f31504706","ContainerId":"31637c83e5c54eb0b3bd534f31504706","Timestamp":"2026-07-25T17:29:08.982223552Z","LogContent":"starting log forwarding for container:31637c83e5c54eb0b3bd534f31504706 stdout:stdout stderr:stderr","FunctionType":""}
{"Module":"Shim","InstanceId":"31637c83e5c54eb0b3bd534f31504706","ContainerId":"31637c83e5c54eb0b3bd534f31504706","Timestamp":"2026-07-25T17:29:08.982236862Z","LogContent":"start req finish","FunctionType":""}
{"Module":"Shim","InstanceId":"6011a56d4aa54f409e58a21e8e5561fa","ContainerId":"6011a56d4aa54f409e58a21e8e5561fa","Timestamp":"2026-07-25T17:29:08.98568848Z","LogContent":"{\"msg\":\"wait process\",\"level\":\"INFO\",\"ts\":\"2026-07-25T17:29:08.982520327Z\",\"exec-id\":\"\",\"container-id\":\"tpl-c33298206d4846deac922031_0\"}\r","FunctionType":""}
{"Module":"Shim","InstanceId":"86e93e932d6c4a9d8c06efe7b4f8122b","ContainerId":"86e93e932d6c4a9d8c06efe7b4f8122b","Timestamp":"2026-07-25T17:29:08.979167599Z","LogContent":"forward init log stdout start","FunctionType":""}
{"Module":"Shim","InstanceId":"86e93e932d6c4a9d8c06efe7b4f8122b","ContainerId":"86e93e932d6c4a9d8c06efe7b4f8122b","Timestamp":"2026-07-25T17:29:08.984718791Z","LogContent":"{\"msg\":\"wait process\",\"level\":\"INFO\",\"ts\":\"2026-07-25T17:29:08.977488631Z\",\"exec-id\":\"\",\"container-id\":\"tpl-c33298206d4846deac922031_0\"}\r","FunctionType":""}
{"Module":"Shim","InstanceId":"86e93e932d6c4a9d8c06efe7b4f8122b","ContainerId":"86e93e932d6c4a9d8c06efe7b4f8122b","Timestamp":"2026-07-25T17:29:08.984810952Z","LogContent":"{\"msg\":\"cid tpl-c33298206d4846deac922031_0 eid  waiting for exit signal\",\"level\":\"INFO\",\"ts\":\"2026-07-25T17:29:08.977499792Z\"}\r","FunctionType":""}
{"Module":"Shim","InstanceId":"a82dd64c62424c6cae7b359e1b5e1a7c","ContainerId":"a82dd64c62424c6cae7b359e1b5e1a7c","Timestamp":"2026-07-25T17:29:08.986473136Z","LogContent":"start container finish at:53","FunctionType":""}
{"Module":"Shim","InstanceId":"a82dd64c62424c6cae7b359e1b5e1a7c","ContainerId":"a82dd64c62424c6cae7b359e1b5e1a7c","Timestamp":"2026-07-25T17:29:08.986483469Z","LogContent":"create req finish","FunctionType":""}
{"Module":"Shim","InstanceId":"31637c83e5c54eb0b3bd534f31504706","ContainerId":"31637c83e5c54eb0b3bd534f31504706","Timestamp":"2026-07-25T17:29:08.98225354Z","LogContent":"forward init log stderr start","FunctionType":""}
{"Module":"Shim","InstanceId":"31637c83e5c54eb0b3bd534f31504706","ContainerId":"31637c83e5c54eb0b3bd534f31504706","Timestamp":"2026-07-25T17:29:08.982261508Z","LogContent":"wait process start","FunctionType":""}
{"Module":"Shim","InstanceId":"464514b10d23438e84aa2da5629f4e17","ContainerId":"464514b10d23438e84aa2da5629f4e17","Timestamp":"2026-07-25T17:29:08.979369792Z","LogContent":"start req finish","FunctionType":""}
{"Module":"Shim","InstanceId":"31637c83e5c54eb0b3bd534f31504706","ContainerId":"31637c83e5c54eb0b3bd534f31504706","Timestamp":"2026-07-25T17:29:08.982328933Z","LogContent":"forward init log stdout start","FunctionType":""}
{"Module":"Shim","InstanceId":"464514b10d23438e84aa2da5629f4e17","ContainerId":"464514b10d23438e84aa2da5629f4e17","Timestamp":"2026-07-25T17:29:08.9793909Z","LogContent":"forward init log stderr start","FunctionType":""}
{"Module":"Shim","InstanceId":"31637c83e5c54eb0b3bd534f31504706","ContainerId":"31637c83e5c54eb0b3bd534f31504706","Timestamp":"2026-07-25T17:29:08.987655782Z","LogContent":"{\"msg\":\"wait process\",\"level\":\"INFO\",\"ts\":\"2026-07-25T17:29:08.976361975Z\",\"exec-id\":\"\",\"container-id\":\"tpl-c33298206d4846deac922031_0\"}\r","FunctionType":""}
{"Module":"Shim","InstanceId":"464514b10d23438e84aa2da5629f4e17","ContainerId":"464514b10d23438e84aa2da5629f4e17","Timestamp":"2026-07-25T17:29:08.979411317Z","LogContent":"wait process start","FunctionType":""}
{"Module":"Shim","InstanceId":"464514b10d23438e84aa2da5629f4e17","ContainerId":"464514b10d23438e84aa2da5629f4e17","Timestamp":"2026-07-25T17:29:08.979420819Z","LogContent":"forward init log stdout start","FunctionType":""}
{"Module":"Shim","InstanceId":"464514b10d23438e84aa2da5629f4e17","ContainerId":"464514b10d23438e84aa2da5629f4e17","Timestamp":"2026-07-25T17:29:08.98397555Z","LogContent":"{\"msg\":\"wait process\",\"level\":\"INFO\",\"ts\":\"2026-07-25T17:29:08.979467265Z\",\"exec-id\":\"\",\"container-id\":\"tpl-c33298206d4846deac922031_0\"}\r","FunctionType":""}
{"Module":"Shim","InstanceId":"31637c83e5c54eb0b3bd534f31504706","ContainerId":"31637c83e5c54eb0b3bd534f31504706","Timestamp":"2026-07-25T17:29:08.98766357Z","LogContent":"{\"msg\":\"cid tpl-c33298206d4846deac922031_0 eid  waiting for exit signal\",\"level\":\"INFO\",\"ts\":\"2026-07-25T17:29:08.976376883Z\"}\r","FunctionType":""}
{"Module":"Shim","InstanceId":"464514b10d23438e84aa2da5629f4e17","ContainerId":"464514b10d23438e84aa2da5629f4e17","Timestamp":"2026-07-25T17:29:08.983990615Z","LogContent":"{\"msg\":\"cid tpl-c33298206d4846deac922031_0 eid  waiting for exit signal\",\"level\":\"INFO\",\"ts\":\"2026-07-25T17:29:08.979588443Z\"}\r","FunctionType":""}
{"Module":"Shim","InstanceId":"464514b10d23438e84aa2da5629f4e17","ContainerId":"464514b10d23438e84aa2da5629f4e17","Timestamp":"2026-07-25T17:29:08.984029764Z","LogContent":"wait req start, id:464514b10d23438e84aa2da5629f4e17, execid:","FunctionType":""}
{"Module":"Shim","InstanceId":"a82dd64c62424c6cae7b359e1b5e1a7c","ContainerId":"a82dd64c62424c6cae7b359e1b5e1a7c","Timestamp":"2026-07-25T17:29:08.988719375Z","LogContent":"start request, id:a82dd64c62424c6cae7b359e1b5e1a7c, execid:","FunctionType":""}
{"Module":"Shim","InstanceId":"a82dd64c62424c6cae7b359e1b5e1a7c","ContainerId":"a82dd64c62424c6cae7b359e1b5e1a7c","Timestamp":"2026-07-25T17:29:08.988952639Z","LogContent":"wait req start, id:a82dd64c62424c6cae7b359e1b5e1a7c, execid:","FunctionType":""}
{"Module":"Shim","InstanceId":"a82dd64c62424c6cae7b359e1b5e1a7c","ContainerId":"a82dd64c62424c6cae7b359e1b5e1a7c","Timestamp":"2026-07-25T17:29:08.989160214Z","LogContent":"starting log forwarding for container:a82dd64c62424c6cae7b359e1b5e1a7c stdout:stdout stderr:stderr","FunctionType":""}
{"Module":"Shim","InstanceId":"a82dd64c62424c6cae7b359e1b5e1a7c","ContainerId":"a82dd64c62424c6cae7b359e1b5e1a7c","Timestamp":"2026-07-25T17:29:08.989178716Z","LogContent":"start req finish","FunctionType":""}
{"Module":"Shim","InstanceId":"a82dd64c62424c6cae7b359e1b5e1a7c","ContainerId":"a82dd64c62424c6cae7b359e1b5e1a7c","Timestamp":"2026-07-25T17:29:08.989211742Z","LogContent":"forward init log stderr start","FunctionType":""}
{"Module":"Shim","InstanceId":"a82dd64c62424c6cae7b359e1b5e1a7c","ContainerId":"a82dd64c62424c6cae7b359e1b5e1a7c","Timestamp":"2026-07-25T17:29:08.989313154Z","LogContent":"wait process start","FunctionType":""}
{"Module":"Shim","InstanceId":"a82dd64c62424c6cae7b359e1b5e1a7c","ContainerId":"a82dd64c62424c6cae7b359e1b5e1a7c","Timestamp":"2026-07-25T17:29:08.989363259Z","LogContent":"forward init log stdout start","FunctionType":""}
{"Module":"Shim","InstanceId":"5b274f161c8a407b87f888028ea9e9b6","ContainerId":"5b274f161c8a407b87f888028ea9e9b6","Timestamp":"2026-07-25T17:29:08.989641165Z","LogContent":"{\"msg\":\"wait process\",\"level\":\"INFO\",\"ts\":\"2026-07-25T17:29:08.972466442Z\",\"exec-id\":\"\",\"container-id\":\"tpl-c33298206d4846deac922031_0\"}\r","FunctionType":""}
{"Module":"Shim","InstanceId":"5b274f161c8a407b87f888028ea9e9b6","ContainerId":"5b274f161c8a407b87f888028ea9e9b6","Timestamp":"2026-07-25T17:29:08.98969579Z","LogContent":"{\"msg\":\"cid tpl-c33298206d4846deac922031_0 eid  waiting for exit signal\",\"level\":\"INFO\",\"ts\":\"2026-07-25T17:29:08.972480819Z\"}\r","FunctionType":""}
{"Module":"Shim","InstanceId":"6011a56d4aa54f409e58a21e8e5561fa","ContainerId":"6011a56d4aa54f409e58a21e8e5561fa","Timestamp":"2026-07-25T17:29:08.990409944Z","LogContent":"{\"msg\":\"cid tpl-c33298206d4846deac922031_0 eid  waiting for exit signal\",\"level\":\"INFO\",\"ts\":\"2026-07-25T17:29:08.982537539Z\"}\r","FunctionType":""}
{"Module":"Shim","InstanceId":"e782331fbb034b3eb40dd83c27e42191","ContainerId":"e782331fbb034b3eb40dd83c27e42191","Timestamp":"2026-07-25T17:29:08.990448212Z","LogContent":"{\"msg\":\"[cube-strace]recv create container\",\"level\":\"INFO\",\"ts\":\"2026-07-25T17:29:08.97389681Z\"}\r","FunctionType":""}
{"Module":"Shim","InstanceId":"c1c31f4b9d5e4082ba263c47ad170805","ContainerId":"c1c31f4b9d5e4082ba263c47ad170805","Timestamp":"2026-07-25T17:29:08.992297944Z","LogContent":"exec process start\r","FunctionType":""}
{"Module":"Shim","InstanceId":"e782331fbb034b3eb40dd83c27e42191","ContainerId":"e782331fbb034b3eb40dd83c27e42191","Timestamp":"2026-07-25T17:29:08.99450777Z","LogContent":"{\"msg\":\"create container by restore\",\"level\":\"INFO\",\"ts\":\"2026-07-25T17:29:08.973905286Z\"}\r","FunctionType":""}
{"Module":"Shim","InstanceId":"44cf4e5cce894251b5e9020341e34601","ContainerId":"44cf4e5cce894251b5e9020341e34601","Timestamp":"2026-07-25T17:29:08.994775112Z","LogContent":"{\"msg\":\"[cube-strace]recv create container\",\"level\":\"INFO\",\"ts\":\"2026-07-25T17:29:08.97663817Z\"}\r","FunctionType":""}
{"Module":"Shim","InstanceId":"44cf4e5cce894251b5e9020341e34601","ContainerId":"44cf4e5cce894251b5e9020341e34601","Timestamp":"2026-07-25T17:29:08.994860698Z","LogContent":"{\"msg\":\"create container by restore\",\"level\":\"INFO\",\"ts\":\"2026-07-25T17:29:08.976652126Z\"}\r","FunctionType":""}
{"Module":"Shim","InstanceId":"a82dd64c62424c6cae7b359e1b5e1a7c","ContainerId":"a82dd64c62424c6cae7b359e1b5e1a7c","Timestamp":"2026-07-25T17:29:08.999074851Z","LogContent":"{\"msg\":\"wait process\",\"level\":\"INFO\",\"ts\":\"2026-07-25T17:29:08.990325977Z\",\"exec-id\":\"\",\"container-id\":\"tpl-c33298206d4846deac922031_0\"}\r","FunctionType":""}
{"Module":"Shim","InstanceId":"a82dd64c62424c6cae7b359e1b5e1a7c","ContainerId":"a82dd64c62424c6cae7b359e1b5e1a7c","Timestamp":"2026-07-25T17:29:08.999609314Z","LogContent":"{\"msg\":\"cid tpl-c33298206d4846deac922031_0 eid  waiting for exit signal\",\"level\":\"INFO\",\"ts\":\"2026-07-25T17:29:08.990341636Z\"}\r","FunctionType":""}
{"Module":"Shim","InstanceId":"c1c31f4b9d5e4082ba263c47ad170805","ContainerId":"c1c31f4b9d5e4082ba263c47ad170805","Timestamp":"2026-07-25T17:29:09.000850256Z","LogContent":"start container finish at:66","FunctionType":""}
{"Module":"Shim","InstanceId":"c1c31f4b9d5e4082ba263c47ad170805","ContainerId":"c1c31f4b9d5e4082ba263c47ad170805","Timestamp":"2026-07-25T17:29:09.000857703Z","LogContent":"create req finish","FunctionType":""}
{"Module":"Shim","InstanceId":"e782331fbb034b3eb40dd83c27e42191","ContainerId":"e782331fbb034b3eb40dd83c27e42191","Timestamp":"2026-07-25T17:29:09.003895554Z","LogContent":"exec process start\r","FunctionType":""}
{"Module":"Shim","InstanceId":"1b78dc7621144aa9aabc638a5b295e1c","ContainerId":"1b78dc7621144aa9aabc638a5b295e1c","Timestamp":"2026-07-25T17:29:09.004168605Z","LogContent":"update req start, id:1b78dc7621144aa9aabc638a5b295e1c","FunctionType":""}
{"Module":"Shim","InstanceId":"44cf4e5cce894251b5e9020341e34601","ContainerId":"44cf4e5cce894251b5e9020341e34601","Timestamp":"2026-07-25T17:29:09.004321732Z","LogContent":"exec process start\r","FunctionType":""}
{"Module":"Shim","InstanceId":"86e93e932d6c4a9d8c06efe7b4f8122b","ContainerId":"86e93e932d6c4a9d8c06efe7b4f8122b","Timestamp":"2026-07-25T17:29:09.004696614Z","LogContent":"update req start, id:86e93e932d6c4a9d8c06efe7b4f8122b","FunctionType":""}
{"Module":"Shim","InstanceId":"1b78dc7621144aa9aabc638a5b295e1c","ContainerId":"1b78dc7621144aa9aabc638a5b295e1c","Timestamp":"2026-07-25T17:29:09.005159235Z","LogContent":"update req finish","FunctionType":""}
{"Module":"Shim","InstanceId":"6011a56d4aa54f409e58a21e8e5561fa","ContainerId":"6011a56d4aa54f409e58a21e8e5561fa","Timestamp":"2026-07-25T17:29:09.005233414Z","LogContent":"update req start, id:6011a56d4aa54f409e58a21e8e5561fa","FunctionType":""}
{"Module":"Shim","InstanceId":"31637c83e5c54eb0b3bd534f31504706","ContainerId":"31637c83e5c54eb0b3bd534f31504706","Timestamp":"2026-07-25T17:29:09.005407549Z","LogContent":"update req start, id:31637c83e5c54eb0b3bd534f31504706","FunctionType":""}
{"Module":"Shim","InstanceId":"464514b10d23438e84aa2da5629f4e17","ContainerId":"464514b10d23438e84aa2da5629f4e17","Timestamp":"2026-07-25T17:29:09.004212615Z","LogContent":"update req start, id:464514b10d23438e84aa2da5629f4e17","FunctionType":""}
{"Module":"Shim","InstanceId":"464514b10d23438e84aa2da5629f4e17","ContainerId":"464514b10d23438e84aa2da5629f4e17","Timestamp":"2026-07-25T17:29:09.005402167Z","LogContent":"update req finish","FunctionType":""}
{"Module":"Shim","InstanceId":"e782331fbb034b3eb40dd83c27e42191","ContainerId":"e782331fbb034b3eb40dd83c27e42191","Timestamp":"2026-07-25T17:29:09.005418805Z","LogContent":"start container finish at:70","FunctionType":""}
{"Module":"Shim","InstanceId":"e782331fbb034b3eb40dd83c27e42191","ContainerId":"e782331fbb034b3eb40dd83c27e42191","Timestamp":"2026-07-25T17:29:09.005430511Z","LogContent":"create req finish","FunctionType":""}
{"Module":"Shim","InstanceId":"c1c31f4b9d5e4082ba263c47ad170805","ContainerId":"c1c31f4b9d5e4082ba263c47ad170805","Timestamp":"2026-07-25T17:29:09.005823394Z","LogContent":"start request, id:c1c31f4b9d5e4082ba263c47ad170805, execid:","FunctionType":""}
{"Module":"Shim","InstanceId":"c1c31f4b9d5e4082ba263c47ad170805","ContainerId":"c1c31f4b9d5e4082ba263c47ad170805","Timestamp":"2026-07-25T17:29:09.006196161Z","LogContent":"wait req start, id:c1c31f4b9d5e4082ba263c47ad170805, execid:","FunctionType":""}
{"Module":"Shim","InstanceId":"c1c31f4b9d5e4082ba263c47ad170805","ContainerId":"c1c31f4b9d5e4082ba263c47ad170805","Timestamp":"2026-07-25T17:29:09.006319451Z","LogContent":"starting log forwarding for container:c1c31f4b9d5e4082ba263c47ad170805 stdout:stdout stderr:stderr","FunctionType":""}
{"Module":"Shim","InstanceId":"5b274f161c8a407b87f888028ea9e9b6","ContainerId":"5b274f161c8a407b87f888028ea9e9b6","Timestamp":"2026-07-25T17:29:09.00652154Z","LogContent":"update req start, id:5b274f161c8a407b87f888028ea9e9b6","FunctionType":""}
{"Module":"Shim","InstanceId":"c1c31f4b9d5e4082ba263c47ad170805","ContainerId":"c1c31f4b9d5e4082ba263c47ad170805","Timestamp":"2026-07-25T17:29:09.00634549Z","LogContent":"start req finish","FunctionType":""}
{"Module":"Shim","InstanceId":"c1c31f4b9d5e4082ba263c47ad170805","ContainerId":"c1c31f4b9d5e4082ba263c47ad170805","Timestamp":"2026-07-25T17:29:09.006382635Z","LogContent":"wait process start","FunctionType":""}
{"Module":"Shim","InstanceId":"c1c31f4b9d5e4082ba263c47ad170805","ContainerId":"c1c31f4b9d5e4082ba263c47ad170805","Timestamp":"2026-07-25T17:29:09.006406799Z","LogContent":"forward init log stderr start","FunctionType":""}
{"Module":"Shim","InstanceId":"c1c31f4b9d5e4082ba263c47ad170805","ContainerId":"c1c31f4b9d5e4082ba263c47ad170805","Timestamp":"2026-07-25T17:29:09.006453055Z","LogContent":"forward init log stdout start","FunctionType":""}
{"Module":"Shim","InstanceId":"6011a56d4aa54f409e58a21e8e5561fa","ContainerId":"6011a56d4aa54f409e58a21e8e5561fa","Timestamp":"2026-07-25T17:29:09.006806377Z","LogContent":"update req finish","FunctionType":""}
{"Module":"Shim","InstanceId":"e782331fbb034b3eb40dd83c27e42191","ContainerId":"e782331fbb034b3eb40dd83c27e42191","Timestamp":"2026-07-25T17:29:09.005836213Z","LogContent":"start request, id:e782331fbb034b3eb40dd83c27e42191, execid:","FunctionType":""}
{"Module":"Shim","InstanceId":"86e93e932d6c4a9d8c06efe7b4f8122b","ContainerId":"86e93e932d6c4a9d8c06efe7b4f8122b","Timestamp":"2026-07-25T17:29:09.007035818Z","LogContent":"update req finish","FunctionType":""}
{"Module":"Shim","InstanceId":"e782331fbb034b3eb40dd83c27e42191","ContainerId":"e782331fbb034b3eb40dd83c27e42191","Timestamp":"2026-07-25T17:29:09.006110937Z","LogContent":"starting log forwarding for container:e782331fbb034b3eb40dd83c27e42191 stdout:stdout stderr:stderr","FunctionType":""}
{"Module":"Shim","InstanceId":"e782331fbb034b3eb40dd83c27e42191","ContainerId":"e782331fbb034b3eb40dd83c27e42191","Timestamp":"2026-07-25T17:29:09.006960166Z","LogContent":"start req finish","FunctionType":""}
{"Module":"Shim","InstanceId":"5b274f161c8a407b87f888028ea9e9b6","ContainerId":"5b274f161c8a407b87f888028ea9e9b6","Timestamp":"2026-07-25T17:29:09.007355675Z","LogContent":"update req finish","FunctionType":""}
{"Module":"Shim","InstanceId":"e782331fbb034b3eb40dd83c27e42191","ContainerId":"e782331fbb034b3eb40dd83c27e42191","Timestamp":"2026-07-25T17:29:09.006989092Z","LogContent":"forward init log stderr start","FunctionType":""}
{"Module":"Shim","InstanceId":"e782331fbb034b3eb40dd83c27e42191","ContainerId":"e782331fbb034b3eb40dd83c27e42191","Timestamp":"2026-07-25T17:29:09.007084108Z","LogContent":"wait process start","FunctionType":""}
{"Module":"Shim","InstanceId":"e782331fbb034b3eb40dd83c27e42191","ContainerId":"e782331fbb034b3eb40dd83c27e42191","Timestamp":"2026-07-25T17:29:09.007394954Z","LogContent":"wait req start, id:e782331fbb034b3eb40dd83c27e42191, execid:","FunctionType":""}
{"Module":"Shim","InstanceId":"e782331fbb034b3eb40dd83c27e42191","ContainerId":"e782331fbb034b3eb40dd83c27e42191","Timestamp":"2026-07-25T17:29:09.007631792Z","LogContent":"forward init log stdout start","FunctionType":""}
{"Module":"Shim","InstanceId":"e782331fbb034b3eb40dd83c27e42191","ContainerId":"e782331fbb034b3eb40dd83c27e42191","Timestamp":"2026-07-25T17:29:09.007727059Z","LogContent":"{\"msg\":\"wait process\",\"level\":\"INFO\",\"ts\":\"2026-07-25T17:29:08.9990368Z\",\"exec-id\":\"\",\"container-id\":\"tpl-c33298206d4846deac922031_0\"}\r","FunctionType":""}
{"Module":"Shim","InstanceId":"e782331fbb034b3eb40dd83c27e42191","ContainerId":"e782331fbb034b3eb40dd83c27e42191","Timestamp":"2026-07-25T17:29:09.007784439Z","LogContent":"{\"msg\":\"cid tpl-c33298206d4846deac922031_0 eid  waiting for exit signal\",\"level\":\"INFO\",\"ts\":\"2026-07-25T17:29:08.999051808Z\"}\r","FunctionType":""}
{"Module":"Shim","InstanceId":"31637c83e5c54eb0b3bd534f31504706","ContainerId":"31637c83e5c54eb0b3bd534f31504706","Timestamp":"2026-07-25T17:29:09.007844175Z","LogContent":"update req finish","FunctionType":""}
{"Module":"Shim","InstanceId":"c1c31f4b9d5e4082ba263c47ad170805","ContainerId":"c1c31f4b9d5e4082ba263c47ad170805","Timestamp":"2026-07-25T17:29:09.009835568Z","LogContent":"{\"msg\":\"wait process\",\"level\":\"INFO\",\"ts\":\"2026-07-25T17:29:09.004304124Z\",\"exec-id\":\"\",\"container-id\":\"tpl-c33298206d4846deac922031_0\"}\r","FunctionType":""}
{"Module":"Shim","InstanceId":"c1c31f4b9d5e4082ba263c47ad170805","ContainerId":"c1c31f4b9d5e4082ba263c47ad170805","Timestamp":"2026-07-25T17:29:09.009869846Z","LogContent":"{\"msg\":\"cid tpl-c33298206d4846deac922031_0 eid  waiting for exit signal\",\"level\":\"INFO\",\"ts\":\"2026-07-25T17:29:09.004318631Z\"}\r","FunctionType":""}
{"Module":"Shim","InstanceId":"44cf4e5cce894251b5e9020341e34601","ContainerId":"44cf4e5cce894251b5e9020341e34601","Timestamp":"2026-07-25T17:29:09.010614177Z","LogContent":"start container finish at:77","FunctionType":""}
{"Module":"Shim","InstanceId":"44cf4e5cce894251b5e9020341e34601","ContainerId":"44cf4e5cce894251b5e9020341e34601","Timestamp":"2026-07-25T17:29:09.010621003Z","LogContent":"create req finish","FunctionType":""}
{"Module":"Shim","InstanceId":"44cf4e5cce894251b5e9020341e34601","ContainerId":"44cf4e5cce894251b5e9020341e34601","Timestamp":"2026-07-25T17:29:09.010879781Z","LogContent":"start request, id:44cf4e5cce894251b5e9020341e34601, execid:","FunctionType":""}
{"Module":"Shim","InstanceId":"44cf4e5cce894251b5e9020341e34601","ContainerId":"44cf4e5cce894251b5e9020341e34601","Timestamp":"2026-07-25T17:29:09.010953538Z","LogContent":"wait req start, id:44cf4e5cce894251b5e9020341e34601, execid:","FunctionType":""}
{"Module":"Shim","InstanceId":"44cf4e5cce894251b5e9020341e34601","ContainerId":"44cf4e5cce894251b5e9020341e34601","Timestamp":"2026-07-25T17:29:09.011047722Z","LogContent":"starting log forwarding for container:44cf4e5cce894251b5e9020341e34601 stdout:stdout stderr:stderr","FunctionType":""}
{"Module":"Shim","InstanceId":"44cf4e5cce894251b5e9020341e34601","ContainerId":"44cf4e5cce894251b5e9020341e34601","Timestamp":"2026-07-25T17:29:09.011060983Z","LogContent":"start req finish","FunctionType":""}
{"Module":"Shim","InstanceId":"44cf4e5cce894251b5e9020341e34601","ContainerId":"44cf4e5cce894251b5e9020341e34601","Timestamp":"2026-07-25T17:29:09.011070344Z","LogContent":"wait process start","FunctionType":""}
{"Module":"Shim","InstanceId":"44cf4e5cce894251b5e9020341e34601","ContainerId":"44cf4e5cce894251b5e9020341e34601","Timestamp":"2026-07-25T17:29:09.011076067Z","LogContent":"forward init log stderr start","FunctionType":""}
{"Module":"Shim","InstanceId":"44cf4e5cce894251b5e9020341e34601","ContainerId":"44cf4e5cce894251b5e9020341e34601","Timestamp":"2026-07-25T17:29:09.011087513Z","LogContent":"forward init log stdout start","FunctionType":""}
{"Module":"Shim","InstanceId":"44cf4e5cce894251b5e9020341e34601","ContainerId":"44cf4e5cce894251b5e9020341e34601","Timestamp":"2026-07-25T17:29:09.011572404Z","LogContent":"{\"msg\":\"wait process\",\"level\":\"INFO\",\"ts\":\"2026-07-25T17:29:09.000335599Z\",\"exec-id\":\"\",\"container-id\":\"tpl-c33298206d4846deac922031_0\"}\r","FunctionType":""}
{"Module":"Shim","InstanceId":"44cf4e5cce894251b5e9020341e34601","ContainerId":"44cf4e5cce894251b5e9020341e34601","Timestamp":"2026-07-25T17:29:09.011615041Z","LogContent":"{\"msg\":\"cid tpl-c33298206d4846deac922031_0 eid  waiting for exit signal\",\"level\":\"INFO\",\"ts\":\"2026-07-25T17:29:09.000353602Z\"}\r","FunctionType":""}
{"Module":"Shim","InstanceId":"a82dd64c62424c6cae7b359e1b5e1a7c","ContainerId":"a82dd64c62424c6cae7b359e1b5e1a7c","Timestamp":"2026-07-25T17:29:09.021896027Z","LogContent":"update req start, id:a82dd64c62424c6cae7b359e1b5e1a7c","FunctionType":""}
{"Module":"Shim","InstanceId":"a82dd64c62424c6cae7b359e1b5e1a7c","ContainerId":"a82dd64c62424c6cae7b359e1b5e1a7c","Timestamp":"2026-07-25T17:29:09.022701978Z","LogContent":"update req finish","FunctionType":""}
{"Module":"Shim","InstanceId":"e782331fbb034b3eb40dd83c27e42191","ContainerId":"e782331fbb034b3eb40dd83c27e42191","Timestamp":"2026-07-25T17:29:09.027246692Z","LogContent":"update req start, id:e782331fbb034b3eb40dd83c27e42191","FunctionType":""}
{"Module":"Shim","InstanceId":"c1c31f4b9d5e4082ba263c47ad170805","ContainerId":"c1c31f4b9d5e4082ba263c47ad170805","Timestamp":"2026-07-25T17:29:09.028383064Z","LogContent":"update req start, id:c1c31f4b9d5e4082ba263c47ad170805","FunctionType":""}
{"Module":"Shim","InstanceId":"e782331fbb034b3eb40dd83c27e42191","ContainerId":"e782331fbb034b3eb40dd83c27e42191","Timestamp":"2026-07-25T17:29:09.028930989Z","LogContent":"update req finish","FunctionType":""}
{"Module":"Shim","InstanceId":"44cf4e5cce894251b5e9020341e34601","ContainerId":"44cf4e5cce894251b5e9020341e34601","Timestamp":"2026-07-25T17:29:09.029197775Z","LogContent":"update req start, id:44cf4e5cce894251b5e9020341e34601","FunctionType":""}
{"Module":"Shim","InstanceId":"44cf4e5cce894251b5e9020341e34601","ContainerId":"44cf4e5cce894251b5e9020341e34601","Timestamp":"2026-07-25T17:29:09.030039056Z","LogContent":"update req finish","FunctionType":""}
{"Module":"Shim","InstanceId":"c1c31f4b9d5e4082ba263c47ad170805","ContainerId":"c1c31f4b9d5e4082ba263c47ad170805","Timestamp":"2026-07-25T17:29:09.030602165Z","LogContent":"update req finish","FunctionType":""}
{"Module":"Shim","InstanceId":"5b274f161c8a407b87f888028ea9e9b6","ContainerId":"5b274f161c8a407b87f888028ea9e9b6","Timestamp":"2026-07-25T17:29:10.035846166Z","LogContent":"kill req start, id:5b274f161c8a407b87f888028ea9e9b6 execid:","FunctionType":""}
{"Module":"Shim","InstanceId":"5b274f161c8a407b87f888028ea9e9b6","ContainerId":"5b274f161c8a407b87f888028ea9e9b6","Timestamp":"2026-07-25T17:29:10.035854314Z","LogContent":"signal 9 to container:5b274f161c8a407b87f888028ea9e9b6, exec:","FunctionType":""}
{"Module":"Shim","InstanceId":"c1c31f4b9d5e4082ba263c47ad170805","ContainerId":"c1c31f4b9d5e4082ba263c47ad170805","Timestamp":"2026-07-25T17:29:10.036826398Z","LogContent":"kill req start, id:c1c31f4b9d5e4082ba263c47ad170805 execid:","FunctionType":""}
{"Module":"Shim","InstanceId":"1b78dc7621144aa9aabc638a5b295e1c","ContainerId":"1b78dc7621144aa9aabc638a5b295e1c","Timestamp":"2026-07-25T17:29:10.036813068Z","LogContent":"kill req start, id:1b78dc7621144aa9aabc638a5b295e1c execid:","FunctionType":""}
{"Module":"Shim","InstanceId":"1b78dc7621144aa9aabc638a5b295e1c","ContainerId":"1b78dc7621144aa9aabc638a5b295e1c","Timestamp":"2026-07-25T17:29:10.036821687Z","LogContent":"signal 9 to container:1b78dc7621144aa9aabc638a5b295e1c, exec:","FunctionType":""}
{"Module":"Shim","InstanceId":"44cf4e5cce894251b5e9020341e34601","ContainerId":"44cf4e5cce894251b5e9020341e34601","Timestamp":"2026-07-25T17:29:10.036885451Z","LogContent":"kill req start, id:44cf4e5cce894251b5e9020341e34601 execid:","FunctionType":""}
{"Module":"Shim","InstanceId":"44cf4e5cce894251b5e9020341e34601","ContainerId":"44cf4e5cce894251b5e9020341e34601","Timestamp":"2026-07-25T17:29:10.036891164Z","LogContent":"signal 9 to container:44cf4e5cce894251b5e9020341e34601, exec:","FunctionType":""}
{"Module":"Shim","InstanceId":"e782331fbb034b3eb40dd83c27e42191","ContainerId":"e782331fbb034b3eb40dd83c27e42191","Timestamp":"2026-07-25T17:29:10.037619687Z","LogContent":"kill req start, id:e782331fbb034b3eb40dd83c27e42191 execid:","FunctionType":""}
{"Module":"Shim","InstanceId":"e782331fbb034b3eb40dd83c27e42191","ContainerId":"e782331fbb034b3eb40dd83c27e42191","Timestamp":"2026-07-25T17:29:10.037640945Z","LogContent":"signal 9 to container:e782331fbb034b3eb40dd83c27e42191, exec:","FunctionType":""}
{"Module":"Shim","InstanceId":"6011a56d4aa54f409e58a21e8e5561fa","ContainerId":"6011a56d4aa54f409e58a21e8e5561fa","Timestamp":"2026-07-25T17:29:10.038083614Z","LogContent":"kill req start, id:6011a56d4aa54f409e58a21e8e5561fa execid:","FunctionType":""}
{"Module":"Shim","InstanceId":"a82dd64c62424c6cae7b359e1b5e1a7c","ContainerId":"a82dd64c62424c6cae7b359e1b5e1a7c","Timestamp":"2026-07-25T17:29:10.038146616Z","LogContent":"kill req start, id:a82dd64c62424c6cae7b359e1b5e1a7c execid:","FunctionType":""}
{"Module":"Shim","InstanceId":"a82dd64c62424c6cae7b359e1b5e1a7c","ContainerId":"a82dd64c62424c6cae7b359e1b5e1a7c","Timestamp":"2026-07-25T17:29:10.038158573Z","LogContent":"signal 9 to container:a82dd64c62424c6cae7b359e1b5e1a7c, exec:","FunctionType":""}
{"Module":"Shim","InstanceId":"c1c31f4b9d5e4082ba263c47ad170805","ContainerId":"c1c31f4b9d5e4082ba263c47ad170805","Timestamp":"2026-07-25T17:29:10.036833844Z","LogContent":"signal 9 to container:c1c31f4b9d5e4082ba263c47ad170805, exec:","FunctionType":""}
{"Module":"Shim","InstanceId":"6011a56d4aa54f409e58a21e8e5561fa","ContainerId":"6011a56d4aa54f409e58a21e8e5561fa","Timestamp":"2026-07-25T17:29:10.038104551Z","LogContent":"signal 9 to container:6011a56d4aa54f409e58a21e8e5561fa, exec:","FunctionType":""}
{"Module":"Shim","InstanceId":"c1c31f4b9d5e4082ba263c47ad170805","ContainerId":"c1c31f4b9d5e4082ba263c47ad170805","Timestamp":"2026-07-25T17:29:10.039355013Z","LogContent":"{\"msg\":\"signal process\",\"level\":\"INFO\",\"ts\":\"2026-07-25T17:29:10.032861364Z\",\"container-id\":\"tpl-c33298206d4846deac922031_0\",\"exec-id\":\"\"}\r","FunctionType":""}
{"Module":"Shim","InstanceId":"5b274f161c8a407b87f888028ea9e9b6","ContainerId":"5b274f161c8a407b87f888028ea9e9b6","Timestamp":"2026-07-25T17:29:10.039096319Z","LogContent":"kill req finish","FunctionType":""}
{"Module":"Shim","InstanceId":"c1c31f4b9d5e4082ba263c47ad170805","ContainerId":"c1c31f4b9d5e4082ba263c47ad170805","Timestamp":"2026-07-25T17:29:10.039430323Z","LogContent":"{\"msg\":\"signal all the remaining processes\",\"level\":\"INFO\",\"ts\":\"2026-07-25T17:29:10.033369599Z\",\"container-id\":\"tpl-c33298206d4846deac922031_0\",\"exec-id\":\"\"}\r","FunctionType":""}
{"Module":"Shim","InstanceId":"5b274f161c8a407b87f888028ea9e9b6","ContainerId":"5b274f161c8a407b87f888028ea9e9b6","Timestamp":"2026-07-25T17:29:10.039201747Z","LogContent":"init log forward stderr cancelled","FunctionType":""}
{"Module":"Shim","InstanceId":"5b274f161c8a407b87f888028ea9e9b6","ContainerId":"5b274f161c8a407b87f888028ea9e9b6","Timestamp":"2026-07-25T17:29:10.039218264Z","LogContent":"init log forward stdout cancelled","FunctionType":""}
{"Module":"Shim","InstanceId":"5b274f161c8a407b87f888028ea9e9b6","ContainerId":"5b274f161c8a407b87f888028ea9e9b6","Timestamp":"2026-07-25T17:29:10.039267134Z","LogContent":"{\"msg\":\"signal process\",\"level\":\"INFO\",\"ts\":\"2026-07-25T17:29:10.030001495Z\",\"container-id\":\"tpl-c33298206d4846deac922031_0\",\"exec-id\":\"\"}\r","FunctionType":""}
{"Module":"Shim","InstanceId":"5b274f161c8a407b87f888028ea9e9b6","ContainerId":"5b274f161c8a407b87f888028ea9e9b6","Timestamp":"2026-07-25T17:29:10.039275032Z","LogContent":"{\"msg\":\"signal all the remaining processes\",\"level\":\"INFO\",\"ts\":\"2026-07-25T17:29:10.031325203Z\",\"container-id\":\"tpl-c33298206d4846deac922031_0\",\"exec-id\":\"\"}\r","FunctionType":""}
{"Module":"Shim","InstanceId":"44cf4e5cce894251b5e9020341e34601","ContainerId":"44cf4e5cce894251b5e9020341e34601","Timestamp":"2026-07-25T17:29:10.03977046Z","LogContent":"{\"msg\":\"signal process\",\"level\":\"INFO\",\"ts\":\"2026-07-25T17:29:10.025793934Z\",\"container-id\":\"tpl-c33298206d4846deac922031_0\",\"exec-id\":\"\"}\r","FunctionType":""}
{"Module":"Shim","InstanceId":"44cf4e5cce894251b5e9020341e34601","ContainerId":"44cf4e5cce894251b5e9020341e34601","Timestamp":"2026-07-25T17:29:10.039847745Z","LogContent":"{\"msg\":\"signal all the remaining processes\",\"level\":\"INFO\",\"ts\":\"2026-07-25T17:29:10.026374515Z\",\"container-id\":\"tpl-c33298206d4846deac922031_0\",\"exec-id\":\"\"}\r","FunctionType":""}
{"Module":"Shim","InstanceId":"5b274f161c8a407b87f888028ea9e9b6","ContainerId":"5b274f161c8a407b87f888028ea9e9b6","Timestamp":"2026-07-25T17:29:10.039724116Z","LogContent":"wait req start, id:5b274f161c8a407b87f888028ea9e9b6, execid:","FunctionType":""}
{"Module":"Shim","InstanceId":"a82dd64c62424c6cae7b359e1b5e1a7c","ContainerId":"a82dd64c62424c6cae7b359e1b5e1a7c","Timestamp":"2026-07-25T17:29:10.040011394Z","LogContent":"{\"msg\":\"signal process\",\"level\":\"INFO\",\"ts\":\"2026-07-25T17:29:10.035301244Z\",\"container-id\":\"tpl-c33298206d4846deac922031_0\",\"exec-id\":\"\"}\r","FunctionType":""}
{"Module":"Shim","InstanceId":"44cf4e5cce894251b5e9020341e34601","ContainerId":"44cf4e5cce894251b5e9020341e34601","Timestamp":"2026-07-25T17:29:10.039943581Z","LogContent":"kill req finish","FunctionType":""}
{"Module":"Shim","InstanceId":"44cf4e5cce894251b5e9020341e34601","ContainerId":"44cf4e5cce894251b5e9020341e34601","Timestamp":"2026-07-25T17:29:10.040094562Z","LogContent":"init log forward stderr cancelled","FunctionType":""}
{"Module":"Shim","InstanceId":"c1c31f4b9d5e4082ba263c47ad170805","ContainerId":"c1c31f4b9d5e4082ba263c47ad170805","Timestamp":"2026-07-25T17:29:10.04047507Z","LogContent":"kill req finish","FunctionType":""}
{"Module":"Shim","InstanceId":"c1c31f4b9d5e4082ba263c47ad170805","ContainerId":"c1c31f4b9d5e4082ba263c47ad170805","Timestamp":"2026-07-25T17:29:10.040496218Z","LogContent":"init log forward stdout cancelled","FunctionType":""}
{"Module":"Shim","InstanceId":"c1c31f4b9d5e4082ba263c47ad170805","ContainerId":"c1c31f4b9d5e4082ba263c47ad170805","Timestamp":"2026-07-25T17:29:10.040508766Z","LogContent":"init log forward stderr cancelled","FunctionType":""}
{"Module":"Shim","InstanceId":"c1c31f4b9d5e4082ba263c47ad170805","ContainerId":"c1c31f4b9d5e4082ba263c47ad170805","Timestamp":"2026-07-25T17:29:10.04088711Z","LogContent":"wait req start, id:c1c31f4b9d5e4082ba263c47ad170805, execid:","FunctionType":""}
{"Module":"Shim","InstanceId":"a82dd64c62424c6cae7b359e1b5e1a7c","ContainerId":"a82dd64c62424c6cae7b359e1b5e1a7c","Timestamp":"2026-07-25T17:29:10.041511869Z","LogContent":"kill req finish","FunctionType":""}
{"Module":"Shim","InstanceId":"a82dd64c62424c6cae7b359e1b5e1a7c","ContainerId":"a82dd64c62424c6cae7b359e1b5e1a7c","Timestamp":"2026-07-25T17:29:10.041531885Z","LogContent":"init log forward stdout cancelled","FunctionType":""}
{"Module":"Shim","InstanceId":"a82dd64c62424c6cae7b359e1b5e1a7c","ContainerId":"a82dd64c62424c6cae7b359e1b5e1a7c","Timestamp":"2026-07-25T17:29:10.041540925Z","LogContent":"init log forward stderr cancelled","FunctionType":""}
{"Module":"Shim","InstanceId":"44cf4e5cce894251b5e9020341e34601","ContainerId":"44cf4e5cce894251b5e9020341e34601","Timestamp":"2026-07-25T17:29:10.040109164Z","LogContent":"init log forward stdout cancelled","FunctionType":""}
{"Module":"Shim","InstanceId":"1b78dc7621144aa9aabc638a5b295e1c","ContainerId":"1b78dc7621144aa9aabc638a5b295e1c","Timestamp":"2026-07-25T17:29:10.04331143Z","LogContent":"{\"msg\":\"signal process\",\"level\":\"INFO\",\"ts\":\"2026-07-25T17:29:10.033112447Z\",\"container-id\":\"tpl-c33298206d4846deac922031_0\",\"exec-id\":\"\"}\r","FunctionType":""}
{"Module":"Shim","InstanceId":"44cf4e5cce894251b5e9020341e34601","ContainerId":"44cf4e5cce894251b5e9020341e34601","Timestamp":"2026-07-25T17:29:10.040475942Z","LogContent":"wait req start, id:44cf4e5cce894251b5e9020341e34601, execid:","FunctionType":""}
{"Module":"Shim","InstanceId":"1b78dc7621144aa9aabc638a5b295e1c","ContainerId":"1b78dc7621144aa9aabc638a5b295e1c","Timestamp":"2026-07-25T17:29:10.043323698Z","LogContent":"{\"msg\":\"signal all the remaining processes\",\"level\":\"INFO\",\"ts\":\"2026-07-25T17:29:10.033703899Z\",\"container-id\":\"tpl-c33298206d4846deac922031_0\",\"exec-id\":\"\"}\r","FunctionType":""}
{"Module":"Shim","InstanceId":"1b78dc7621144aa9aabc638a5b295e1c","ContainerId":"1b78dc7621144aa9aabc638a5b295e1c","Timestamp":"2026-07-25T17:29:10.04335583Z","LogContent":"kill req finish","FunctionType":""}
{"Module":"Shim","InstanceId":"1b78dc7621144aa9aabc638a5b295e1c","ContainerId":"1b78dc7621144aa9aabc638a5b295e1c","Timestamp":"2026-07-25T17:29:10.043376036Z","LogContent":"init log forward stderr cancelled","FunctionType":""}
{"Module":"Shim","InstanceId":"1b78dc7621144aa9aabc638a5b295e1c","ContainerId":"1b78dc7621144aa9aabc638a5b295e1c","Timestamp":"2026-07-25T17:29:10.043388303Z","LogContent":"init log forward stdout cancelled","FunctionType":""}
{"Module":"Shim","InstanceId":"a82dd64c62424c6cae7b359e1b5e1a7c","ContainerId":"a82dd64c62424c6cae7b359e1b5e1a7c","Timestamp":"2026-07-25T17:29:10.042977095Z","LogContent":"wait req start, id:a82dd64c62424c6cae7b359e1b5e1a7c, execid:","FunctionType":""}
{"Module":"Shim","InstanceId":"86e93e932d6c4a9d8c06efe7b4f8122b","ContainerId":"86e93e932d6c4a9d8c06efe7b4f8122b","Timestamp":"2026-07-25T17:29:10.045243198Z","LogContent":"kill req start, id:86e93e932d6c4a9d8c06efe7b4f8122b execid:","FunctionType":""}
{"Module":"Shim","InstanceId":"86e93e932d6c4a9d8c06efe7b4f8122b","ContainerId":"86e93e932d6c4a9d8c06efe7b4f8122b","Timestamp":"2026-07-25T17:29:10.045249272Z","LogContent":"signal 9 to container:86e93e932d6c4a9d8c06efe7b4f8122b, exec:","FunctionType":""}
{"Module":"Shim","InstanceId":"1b78dc7621144aa9aabc638a5b295e1c","ContainerId":"1b78dc7621144aa9aabc638a5b295e1c","Timestamp":"2026-07-25T17:29:10.045118156Z","LogContent":"wait req start, id:1b78dc7621144aa9aabc638a5b295e1c, execid:","FunctionType":""}
{"Module":"Shim","InstanceId":"a82dd64c62424c6cae7b359e1b5e1a7c","ContainerId":"a82dd64c62424c6cae7b359e1b5e1a7c","Timestamp":"2026-07-25T17:29:10.048622634Z","LogContent":"{\"msg\":\"signal all the remaining processes\",\"level\":\"INFO\",\"ts\":\"2026-07-25T17:29:10.036738265Z\",\"container-id\":\"tpl-c33298206d4846deac922031_0\",\"exec-id\":\"\"}\r","FunctionType":""}
{"Module":"Shim","InstanceId":"e782331fbb034b3eb40dd83c27e42191","ContainerId":"e782331fbb034b3eb40dd83c27e42191","Timestamp":"2026-07-25T17:29:10.055491211Z","LogContent":"{\"msg\":\"signal process\",\"level\":\"INFO\",\"ts\":\"2026-07-25T17:29:10.029686282Z\",\"container-id\":\"tpl-c33298206d4846deac922031_0\",\"exec-id\":\"\"}\r","FunctionType":""}
{"Module":"Shim","InstanceId":"e782331fbb034b3eb40dd83c27e42191","ContainerId":"e782331fbb034b3eb40dd83c27e42191","Timestamp":"2026-07-25T17:29:10.055544341Z","LogContent":"{\"msg\":\"signal all the remaining processes\",\"level\":\"INFO\",\"ts\":\"2026-07-25T17:29:10.029705749Z\",\"container-id\":\"tpl-c33298206d4846deac922031_0\",\"exec-id\":\"\"}\r","FunctionType":""}
{"Module":"Shim","InstanceId":"e782331fbb034b3eb40dd83c27e42191","ContainerId":"e782331fbb034b3eb40dd83c27e42191","Timestamp":"2026-07-25T17:29:10.056499526Z","LogContent":"kill req finish","FunctionType":""}
{"Module":"Shim","InstanceId":"e782331fbb034b3eb40dd83c27e42191","ContainerId":"e782331fbb034b3eb40dd83c27e42191","Timestamp":"2026-07-25T17:29:10.056519622Z","LogContent":"init log forward stderr cancelled","FunctionType":""}
{"Module":"Shim","InstanceId":"e782331fbb034b3eb40dd83c27e42191","ContainerId":"e782331fbb034b3eb40dd83c27e42191","Timestamp":"2026-07-25T17:29:10.05653199Z","LogContent":"init log forward stdout cancelled","FunctionType":""}
{"Module":"Shim","InstanceId":"e782331fbb034b3eb40dd83c27e42191","ContainerId":"e782331fbb034b3eb40dd83c27e42191","Timestamp":"2026-07-25T17:29:10.056910393Z","LogContent":"wait req start, id:e782331fbb034b3eb40dd83c27e42191, execid:","FunctionType":""}
{"Module":"Shim","InstanceId":"464514b10d23438e84aa2da5629f4e17","ContainerId":"464514b10d23438e84aa2da5629f4e17","Timestamp":"2026-07-25T17:29:10.056832016Z","LogContent":"kill req start, id:464514b10d23438e84aa2da5629f4e17 execid:","FunctionType":""}
{"Module":"Shim","InstanceId":"464514b10d23438e84aa2da5629f4e17","ContainerId":"464514b10d23438e84aa2da5629f4e17","Timestamp":"2026-07-25T17:29:10.056838922Z","LogContent":"signal 9 to container:464514b10d23438e84aa2da5629f4e17, exec:","FunctionType":""}
{"Module":"Shim","InstanceId":"464514b10d23438e84aa2da5629f4e17","ContainerId":"464514b10d23438e84aa2da5629f4e17","Timestamp":"2026-07-25T17:29:10.059580508Z","LogContent":"kill req finish","FunctionType":""}
{"Module":"Shim","InstanceId":"464514b10d23438e84aa2da5629f4e17","ContainerId":"464514b10d23438e84aa2da5629f4e17","Timestamp":"2026-07-25T17:29:10.059607028Z","LogContent":"init log forward stdout cancelled","FunctionType":""}
{"Module":"Shim","InstanceId":"464514b10d23438e84aa2da5629f4e17","ContainerId":"464514b10d23438e84aa2da5629f4e17","Timestamp":"2026-07-25T17:29:10.059622052Z","LogContent":"init log forward stderr cancelled","FunctionType":""}
{"Module":"Shim","InstanceId":"464514b10d23438e84aa2da5629f4e17","ContainerId":"464514b10d23438e84aa2da5629f4e17","Timestamp":"2026-07-25T17:29:10.059836736Z","LogContent":"wait req start, id:464514b10d23438e84aa2da5629f4e17, execid:","FunctionType":""}
{"Module":"Shim","InstanceId":"6011a56d4aa54f409e58a21e8e5561fa","ContainerId":"6011a56d4aa54f409e58a21e8e5561fa","Timestamp":"2026-07-25T17:29:10.061616923Z","LogContent":"{\"msg\":\"signal process\",\"level\":\"INFO\",\"ts\":\"2026-07-25T17:29:10.037061443Z\",\"container-id\":\"tpl-c33298206d4846deac922031_0\",\"exec-id\":\"\"}\r","FunctionType":""}
{"Module":"Shim","InstanceId":"6011a56d4aa54f409e58a21e8e5561fa","ContainerId":"6011a56d4aa54f409e58a21e8e5561fa","Timestamp":"2026-07-25T17:29:10.061628509Z","LogContent":"{\"msg\":\"signal all the remaining processes\",\"level\":\"INFO\",\"ts\":\"2026-07-25T17:29:10.037077994Z\",\"container-id\":\"tpl-c33298206d4846deac922031_0\",\"exec-id\":\"\"}\r","FunctionType":""}
{"Module":"Shim","InstanceId":"31637c83e5c54eb0b3bd534f31504706","ContainerId":"31637c83e5c54eb0b3bd534f31504706","Timestamp":"2026-07-25T17:29:10.044643836Z","LogContent":"kill req start, id:31637c83e5c54eb0b3bd534f31504706 execid:","FunctionType":""}
{"Module":"Shim","InstanceId":"c1c31f4b9d5e4082ba263c47ad170805","ContainerId":"c1c31f4b9d5e4082ba263c47ad170805","Timestamp":"2026-07-25T17:29:10.064501241Z","LogContent":"{\"msg\":\"notify term to close\",\"level\":\"INFO\",\"ts\":\"2026-07-25T17:29:10.05985643Z\",\"child-pid\":\"77\",\"subsystem\":\"signals\"}\r","FunctionType":""}
{"Module":"Shim","InstanceId":"c1c31f4b9d5e4082ba263c47ad170805","ContainerId":"c1c31f4b9d5e4082ba263c47ad170805","Timestamp":"2026-07-25T17:29:10.064527049Z","LogContent":"wait container:tpl-c33298206d4846deac922031_0 real:c1c31f4b9d5e4082ba263c47ad170805 execid finish, exit code:9","FunctionType":""}
{"Module":"Shim","InstanceId":"c1c31f4b9d5e4082ba263c47ad170805","ContainerId":"c1c31f4b9d5e4082ba263c47ad170805","Timestamp":"2026-07-25T17:29:10.064564353Z","LogContent":"wait req finish","FunctionType":""}
{"Module":"Shim","InstanceId":"c1c31f4b9d5e4082ba263c47ad170805","ContainerId":"c1c31f4b9d5e4082ba263c47ad170805","Timestamp":"2026-07-25T17:29:10.064672146Z","LogContent":"wait req finish","FunctionType":""}
{"Module":"Shim","InstanceId":"c1c31f4b9d5e4082ba263c47ad170805","ContainerId":"c1c31f4b9d5e4082ba263c47ad170805","Timestamp":"2026-07-25T17:29:10.064901915Z","LogContent":"{\"msg\":\"cid tpl-c33298206d4846deac922031_0 eid  received exit signal\",\"level\":\"INFO\",\"ts\":\"2026-07-25T17:29:10.059875586Z\"}\r","FunctionType":""}
{"Module":"Shim","InstanceId":"c1c31f4b9d5e4082ba263c47ad170805","ContainerId":"c1c31f4b9d5e4082ba263c47ad170805","Timestamp":"2026-07-25T17:29:10.065191648Z","LogContent":"delete req start, id:c1c31f4b9d5e4082ba263c47ad170805, execid:","FunctionType":""}
{"Module":"Shim","InstanceId":"c1c31f4b9d5e4082ba263c47ad170805","ContainerId":"c1c31f4b9d5e4082ba263c47ad170805","Timestamp":"2026-07-25T17:29:10.065246462Z","LogContent":"delete req finish","FunctionType":""}
{"Module":"Shim","InstanceId":"31637c83e5c54eb0b3bd534f31504706","ContainerId":"31637c83e5c54eb0b3bd534f31504706","Timestamp":"2026-07-25T17:29:10.044653438Z","LogContent":"signal 9 to container:31637c83e5c54eb0b3bd534f31504706, exec:","FunctionType":""}
{"Module":"Shim","InstanceId":"c1c31f4b9d5e4082ba263c47ad170805","ContainerId":"c1c31f4b9d5e4082ba263c47ad170805","Timestamp":"2026-07-25T17:29:10.06537873Z","LogContent":"shutdown req start","FunctionType":""}
{"Module":"Shim","InstanceId":"c1c31f4b9d5e4082ba263c47ad170805","ContainerId":"c1c31f4b9d5e4082ba263c47ad170805","Timestamp":"2026-07-25T17:29:10.065386999Z","LogContent":"destroy sandbox start","FunctionType":""}
{"Module":"Shim","InstanceId":"c1c31f4b9d5e4082ba263c47ad170805","ContainerId":"c1c31f4b9d5e4082ba263c47ad170805","Timestamp":"2026-07-25T17:29:10.066135298Z","LogContent":"wait vm shutdown","FunctionType":""}
{"Module":"Shim","InstanceId":"c1c31f4b9d5e4082ba263c47ad170805","ContainerId":"c1c31f4b9d5e4082ba263c47ad170805","Timestamp":"2026-07-25T17:29:10.066268308Z","LogContent":"{\"msg\":\"receive destroy sandbox\",\"level\":\"INFO\",\"ts\":\"2026-07-25T17:29:10.061759958Z\"}\r","FunctionType":""}
{"Module":"Shim","InstanceId":"86e93e932d6c4a9d8c06efe7b4f8122b","ContainerId":"86e93e932d6c4a9d8c06efe7b4f8122b","Timestamp":"2026-07-25T17:29:10.066504882Z","LogContent":"{\"msg\":\"signal process\",\"level\":\"INFO\",\"ts\":\"2026-07-25T17:29:10.04432731Z\",\"container-id\":\"tpl-c33298206d4846deac922031_0\",\"exec-id\":\"\"}\r","FunctionType":""}
{"Module":"Shim","InstanceId":"86e93e932d6c4a9d8c06efe7b4f8122b","ContainerId":"86e93e932d6c4a9d8c06efe7b4f8122b","Timestamp":"2026-07-25T17:29:10.066512489Z","LogContent":"{\"msg\":\"signal all the remaining processes\",\"level\":\"INFO\",\"ts\":\"2026-07-25T17:29:10.045627785Z\",\"container-id\":\"tpl-c33298206d4846deac922031_0\",\"exec-id\":\"\"}\r","FunctionType":""}
{"Module":"Shim","InstanceId":"6011a56d4aa54f409e58a21e8e5561fa","ContainerId":"6011a56d4aa54f409e58a21e8e5561fa","Timestamp":"2026-07-25T17:29:10.06762546Z","LogContent":"kill req finish","FunctionType":""}
{"Module":"Shim","InstanceId":"6011a56d4aa54f409e58a21e8e5561fa","ContainerId":"6011a56d4aa54f409e58a21e8e5561fa","Timestamp":"2026-07-25T17:29:10.067648211Z","LogContent":"init log forward stdout cancelled","FunctionType":""}
{"Module":"Shim","InstanceId":"6011a56d4aa54f409e58a21e8e5561fa","ContainerId":"6011a56d4aa54f409e58a21e8e5561fa","Timestamp":"2026-07-25T17:29:10.067662995Z","LogContent":"init log forward stderr cancelled","FunctionType":""}
{"Module":"Shim","InstanceId":"6011a56d4aa54f409e58a21e8e5561fa","ContainerId":"6011a56d4aa54f409e58a21e8e5561fa","Timestamp":"2026-07-25T17:29:10.067972994Z","LogContent":"wait req start, id:6011a56d4aa54f409e58a21e8e5561fa, execid:","FunctionType":""}
{"Module":"Shim","InstanceId":"464514b10d23438e84aa2da5629f4e17","ContainerId":"464514b10d23438e84aa2da5629f4e17","Timestamp":"2026-07-25T17:29:10.068796732Z","LogContent":"{\"msg\":\"signal process\",\"level\":\"INFO\",\"ts\":\"2026-07-25T17:29:10.064250812Z\",\"container-id\":\"tpl-c33298206d4846deac922031_0\",\"exec-id\":\"\"}\r","FunctionType":""}
{"Module":"Shim","InstanceId":"464514b10d23438e84aa2da5629f4e17","ContainerId":"464514b10d23438e84aa2da5629f4e17","Timestamp":"2026-07-25T17:29:10.06884438Z","LogContent":"{\"msg\":\"signal all the remaining processes\",\"level\":\"INFO\",\"ts\":\"2026-07-25T17:29:10.064263345Z\",\"container-id\":\"tpl-c33298206d4846deac922031_0\",\"exec-id\":\"\"}\r","FunctionType":""}
{"Module":"Shim","InstanceId":"44cf4e5cce894251b5e9020341e34601","ContainerId":"44cf4e5cce894251b5e9020341e34601","Timestamp":"2026-07-25T17:29:10.070526035Z","LogContent":"{\"msg\":\"notify term to close\",\"level\":\"INFO\",\"ts\":\"2026-07-25T17:29:10.054821391Z\",\"child-pid\":\"77\",\"subsystem\":\"signals\"}\r","FunctionType":""}
{"Module":"Shim","InstanceId":"44cf4e5cce894251b5e9020341e34601","ContainerId":"44cf4e5cce894251b5e9020341e34601","Timestamp":"2026-07-25T17:29:10.070534534Z","LogContent":"{\"msg\":\"cid tpl-c33298206d4846deac922031_0 eid  received exit signal\",\"level\":\"INFO\",\"ts\":\"2026-07-25T17:29:10.05492748Z\"}\r","FunctionType":""}
{"Module":"Shim","InstanceId":"44cf4e5cce894251b5e9020341e34601","ContainerId":"44cf4e5cce894251b5e9020341e34601","Timestamp":"2026-07-25T17:29:10.070625619Z","LogContent":"wait container:tpl-c33298206d4846deac922031_0 real:44cf4e5cce894251b5e9020341e34601 execid finish, exit code:9","FunctionType":""}
{"Module":"Shim","InstanceId":"44cf4e5cce894251b5e9020341e34601","ContainerId":"44cf4e5cce894251b5e9020341e34601","Timestamp":"2026-07-25T17:29:10.070752365Z","LogContent":"wait req finish","FunctionType":""}
{"Module":"Shim","InstanceId":"44cf4e5cce894251b5e9020341e34601","ContainerId":"44cf4e5cce894251b5e9020341e34601","Timestamp":"2026-07-25T17:29:10.070814966Z","LogContent":"wait req finish","FunctionType":""}
{"Module":"Shim","InstanceId":"86e93e932d6c4a9d8c06efe7b4f8122b","ContainerId":"86e93e932d6c4a9d8c06efe7b4f8122b","Timestamp":"2026-07-25T17:29:10.071238071Z","LogContent":"kill req finish","FunctionType":""}
{"Module":"Shim","InstanceId":"a82dd64c62424c6cae7b359e1b5e1a7c","ContainerId":"a82dd64c62424c6cae7b359e1b5e1a7c","Timestamp":"2026-07-25T17:29:10.069216459Z","LogContent":"wait container:tpl-c33298206d4846deac922031_0 real:a82dd64c62424c6cae7b359e1b5e1a7c execid finish, exit code:9","FunctionType":""}
{"Module":"Shim","InstanceId":"a82dd64c62424c6cae7b359e1b5e1a7c","ContainerId":"a82dd64c62424c6cae7b359e1b5e1a7c","Timestamp":"2026-07-25T17:29:10.069268747Z","LogContent":"wait req finish","FunctionType":""}
{"Module":"Shim","InstanceId":"a82dd64c62424c6cae7b359e1b5e1a7c","ContainerId":"a82dd64c62424c6cae7b359e1b5e1a7c","Timestamp":"2026-07-25T17:29:10.069318369Z","LogContent":"wait req finish","FunctionType":""}
{"Module":"Shim","InstanceId":"a82dd64c62424c6cae7b359e1b5e1a7c","ContainerId":"a82dd64c62424c6cae7b359e1b5e1a7c","Timestamp":"2026-07-25T17:29:10.069672418Z","LogContent":"delete req start, id:a82dd64c62424c6cae7b359e1b5e1a7c, execid:","FunctionType":""}
{"Module":"Shim","InstanceId":"a82dd64c62424c6cae7b359e1b5e1a7c","ContainerId":"a82dd64c62424c6cae7b359e1b5e1a7c","Timestamp":"2026-07-25T17:29:10.06972204Z","LogContent":"delete req finish","FunctionType":""}
{"Module":"Shim","InstanceId":"a82dd64c62424c6cae7b359e1b5e1a7c","ContainerId":"a82dd64c62424c6cae7b359e1b5e1a7c","Timestamp":"2026-07-25T17:29:10.069865865Z","LogContent":"shutdown req start","FunctionType":""}
{"Module":"Shim","InstanceId":"a82dd64c62424c6cae7b359e1b5e1a7c","ContainerId":"a82dd64c62424c6cae7b359e1b5e1a7c","Timestamp":"2026-07-25T17:29:10.069869954Z","LogContent":"destroy sandbox start","FunctionType":""}
{"Module":"Shim","InstanceId":"a82dd64c62424c6cae7b359e1b5e1a7c","ContainerId":"a82dd64c62424c6cae7b359e1b5e1a7c","Timestamp":"2026-07-25T17:29:10.07025817Z","LogContent":"wait vm shutdown","FunctionType":""}
{"Module":"Shim","InstanceId":"a82dd64c62424c6cae7b359e1b5e1a7c","ContainerId":"a82dd64c62424c6cae7b359e1b5e1a7c","Timestamp":"2026-07-25T17:29:10.072297822Z","LogContent":"{\"msg\":\"notify term to close\",\"level\":\"INFO\",\"ts\":\"2026-07-25T17:29:10.065784066Z\",\"child-pid\":\"77\",\"subsystem\":\"signals\"}\r","FunctionType":""}
{"Module":"Shim","InstanceId":"a82dd64c62424c6cae7b359e1b5e1a7c","ContainerId":"a82dd64c62424c6cae7b359e1b5e1a7c","Timestamp":"2026-07-25T17:29:10.072346482Z","LogContent":"{\"msg\":\"cid tpl-c33298206d4846deac922031_0 eid  received exit signal\",\"level\":\"INFO\",\"ts\":\"2026-07-25T17:29:10.065803483Z\"}\r","FunctionType":""}
{"Module":"Shim","InstanceId":"44cf4e5cce894251b5e9020341e34601","ContainerId":"44cf4e5cce894251b5e9020341e34601","Timestamp":"2026-07-25T17:29:10.072344988Z","LogContent":"delete req start, id:44cf4e5cce894251b5e9020341e34601, execid:","FunctionType":""}
{"Module":"Shim","InstanceId":"86e93e932d6c4a9d8c06efe7b4f8122b","ContainerId":"86e93e932d6c4a9d8c06efe7b4f8122b","Timestamp":"2026-07-25T17:29:10.071257936Z","LogContent":"init log forward stderr cancelled","FunctionType":""}
{"Module":"Shim","InstanceId":"a82dd64c62424c6cae7b359e1b5e1a7c","ContainerId":"a82dd64c62424c6cae7b359e1b5e1a7c","Timestamp":"2026-07-25T17:29:10.072604795Z","LogContent":"{\"msg\":\"receive destroy sandbox\",\"level\":\"INFO\",\"ts\":\"2026-07-25T17:29:10.067069552Z\"}\r","FunctionType":""}
{"Module":"Shim","InstanceId":"86e93e932d6c4a9d8c06efe7b4f8122b","ContainerId":"86e93e932d6c4a9d8c06efe7b4f8122b","Timestamp":"2026-07-25T17:29:10.071272268Z","LogContent":"init log forward stdout cancelled","FunctionType":""}
{"Module":"Shim","InstanceId":"44cf4e5cce894251b5e9020341e34601","ContainerId":"44cf4e5cce894251b5e9020341e34601","Timestamp":"2026-07-25T17:29:10.072395663Z","LogContent":"delete req finish","FunctionType":""}
{"Module":"Shim","InstanceId":"44cf4e5cce894251b5e9020341e34601","ContainerId":"44cf4e5cce894251b5e9020341e34601","Timestamp":"2026-07-25T17:29:10.0728597Z","LogContent":"shutdown req start","FunctionType":""}
{"Module":"Shim","InstanceId":"44cf4e5cce894251b5e9020341e34601","ContainerId":"44cf4e5cce894251b5e9020341e34601","Timestamp":"2026-07-25T17:29:10.072863248Z","LogContent":"destroy sandbox start","FunctionType":""}
{"Module":"Shim","InstanceId":"86e93e932d6c4a9d8c06efe7b4f8122b","ContainerId":"86e93e932d6c4a9d8c06efe7b4f8122b","Timestamp":"2026-07-25T17:29:10.073609562Z","LogContent":"wait req start, id:86e93e932d6c4a9d8c06efe7b4f8122b, execid:","FunctionType":""}
{"Module":"Shim","InstanceId":"44cf4e5cce894251b5e9020341e34601","ContainerId":"44cf4e5cce894251b5e9020341e34601","Timestamp":"2026-07-25T17:29:10.073832265Z","LogContent":"wait vm shutdown","FunctionType":""}
{"Module":"Shim","InstanceId":"1b78dc7621144aa9aabc638a5b295e1c","ContainerId":"1b78dc7621144aa9aabc638a5b295e1c","Timestamp":"2026-07-25T17:29:10.075371568Z","LogContent":"wait container:tpl-c33298206d4846deac922031_0 real:1b78dc7621144aa9aabc638a5b295e1c execid finish, exit code:9","FunctionType":""}
{"Module":"Shim","InstanceId":"44cf4e5cce894251b5e9020341e34601","ContainerId":"44cf4e5cce894251b5e9020341e34601","Timestamp":"2026-07-25T17:29:10.074046688Z","LogContent":"{\"msg\":\"receive destroy sandbox\",\"level\":\"INFO\",\"ts\":\"2026-07-25T17:29:10.061683318Z\"}\r","FunctionType":""}
{"Module":"Shim","InstanceId":"1b78dc7621144aa9aabc638a5b295e1c","ContainerId":"1b78dc7621144aa9aabc638a5b295e1c","Timestamp":"2026-07-25T17:29:10.075442828Z","LogContent":"wait req finish","FunctionType":""}
{"Module":"Shim","InstanceId":"1b78dc7621144aa9aabc638a5b295e1c","ContainerId":"1b78dc7621144aa9aabc638a5b295e1c","Timestamp":"2026-07-25T17:29:10.075511894Z","LogContent":"wait req finish","FunctionType":""}
{"Module":"Shim","InstanceId":"1b78dc7621144aa9aabc638a5b295e1c","ContainerId":"1b78dc7621144aa9aabc638a5b295e1c","Timestamp":"2026-07-25T17:29:10.075887461Z","LogContent":"delete req start, id:1b78dc7621144aa9aabc638a5b295e1c, execid:","FunctionType":""}
{"Module":"Shim","InstanceId":"1b78dc7621144aa9aabc638a5b295e1c","ContainerId":"1b78dc7621144aa9aabc638a5b295e1c","Timestamp":"2026-07-25T17:29:10.075938647Z","LogContent":"delete req finish","FunctionType":""}
{"Module":"Shim","InstanceId":"1b78dc7621144aa9aabc638a5b295e1c","ContainerId":"1b78dc7621144aa9aabc638a5b295e1c","Timestamp":"2026-07-25T17:29:10.076074884Z","LogContent":"shutdown req start","FunctionType":""}
{"Module":"Shim","InstanceId":"1b78dc7621144aa9aabc638a5b295e1c","ContainerId":"1b78dc7621144aa9aabc638a5b295e1c","Timestamp":"2026-07-25T17:29:10.076084125Z","LogContent":"destroy sandbox start","FunctionType":""}
{"Module":"Shim","InstanceId":"1b78dc7621144aa9aabc638a5b295e1c","ContainerId":"1b78dc7621144aa9aabc638a5b295e1c","Timestamp":"2026-07-25T17:29:10.077522782Z","LogContent":"{\"msg\":\"notify term to close\",\"level\":\"INFO\",\"ts\":\"2026-07-25T17:29:10.071377456Z\",\"child-pid\":\"77\",\"subsystem\":\"signals\"}\r","FunctionType":""}
{"Module":"Shim","InstanceId":"1b78dc7621144aa9aabc638a5b295e1c","ContainerId":"1b78dc7621144aa9aabc638a5b295e1c","Timestamp":"2026-07-25T17:29:10.078389928Z","LogContent":"wait vm shutdown","FunctionType":""}
{"Module":"Shim","InstanceId":"1b78dc7621144aa9aabc638a5b295e1c","ContainerId":"1b78dc7621144aa9aabc638a5b295e1c","Timestamp":"2026-07-25T17:29:10.07844842Z","LogContent":"{\"msg\":\"cid tpl-c33298206d4846deac922031_0 eid  received exit signal\",\"level\":\"INFO\",\"ts\":\"2026-07-25T17:29:10.07139533Z\"}\r","FunctionType":""}
{"Module":"Shim","InstanceId":"1b78dc7621144aa9aabc638a5b295e1c","ContainerId":"1b78dc7621144aa9aabc638a5b295e1c","Timestamp":"2026-07-25T17:29:10.078637446Z","LogContent":"{\"msg\":\"receive destroy sandbox\",\"level\":\"INFO\",\"ts\":\"2026-07-25T17:29:10.073591718Z\"}\r","FunctionType":""}
{"Module":"Shim","InstanceId":"86e93e932d6c4a9d8c06efe7b4f8122b","ContainerId":"86e93e932d6c4a9d8c06efe7b4f8122b","Timestamp":"2026-07-25T17:29:10.081592594Z","LogContent":"wait container:tpl-c33298206d4846deac922031_0 real:86e93e932d6c4a9d8c06efe7b4f8122b execid finish, exit code:9","FunctionType":""}
{"Module":"Shim","InstanceId":"86e93e932d6c4a9d8c06efe7b4f8122b","ContainerId":"86e93e932d6c4a9d8c06efe7b4f8122b","Timestamp":"2026-07-25T17:29:10.08163489Z","LogContent":"{\"msg\":\"notify term to close\",\"level\":\"INFO\",\"ts\":\"2026-07-25T17:29:10.078978477Z\",\"child-pid\":\"77\",\"subsystem\":\"signals\"}\r","FunctionType":""}
{"Module":"Shim","InstanceId":"86e93e932d6c4a9d8c06efe7b4f8122b","ContainerId":"86e93e932d6c4a9d8c06efe7b4f8122b","Timestamp":"2026-07-25T17:29:10.081639069Z","LogContent":"{\"msg\":\"cid tpl-c33298206d4846deac922031_0 eid  received exit signal\",\"level\":\"INFO\",\"ts\":\"2026-07-25T17:29:10.079003955Z\"}\r","FunctionType":""}
{"Module":"Shim","InstanceId":"86e93e932d6c4a9d8c06efe7b4f8122b","ContainerId":"86e93e932d6c4a9d8c06efe7b4f8122b","Timestamp":"2026-07-25T17:29:10.081651106Z","LogContent":"wait req finish","FunctionType":""}
{"Module":"Shim","InstanceId":"86e93e932d6c4a9d8c06efe7b4f8122b","ContainerId":"86e93e932d6c4a9d8c06efe7b4f8122b","Timestamp":"2026-07-25T17:29:10.081677376Z","LogContent":"wait req finish","FunctionType":""}
{"Module":"Shim","InstanceId":"86e93e932d6c4a9d8c06efe7b4f8122b","ContainerId":"86e93e932d6c4a9d8c06efe7b4f8122b","Timestamp":"2026-07-25T17:29:10.08178553Z","LogContent":"delete req start, id:86e93e932d6c4a9d8c06efe7b4f8122b, execid:","FunctionType":""}
{"Module":"Shim","InstanceId":"86e93e932d6c4a9d8c06efe7b4f8122b","ContainerId":"86e93e932d6c4a9d8c06efe7b4f8122b","Timestamp":"2026-07-25T17:29:10.081819717Z","LogContent":"delete req finish","FunctionType":""}
{"Module":"Shim","InstanceId":"86e93e932d6c4a9d8c06efe7b4f8122b","ContainerId":"86e93e932d6c4a9d8c06efe7b4f8122b","Timestamp":"2026-07-25T17:29:10.081962068Z","LogContent":"shutdown req start","FunctionType":""}
{"Module":"Shim","InstanceId":"86e93e932d6c4a9d8c06efe7b4f8122b","ContainerId":"86e93e932d6c4a9d8c06efe7b4f8122b","Timestamp":"2026-07-25T17:29:10.081965506Z","LogContent":"destroy sandbox start","FunctionType":""}
{"Module":"Shim","InstanceId":"86e93e932d6c4a9d8c06efe7b4f8122b","ContainerId":"86e93e932d6c4a9d8c06efe7b4f8122b","Timestamp":"2026-07-25T17:29:10.082298437Z","LogContent":"wait vm shutdown","FunctionType":""}
{"Module":"Shim","InstanceId":"86e93e932d6c4a9d8c06efe7b4f8122b","ContainerId":"86e93e932d6c4a9d8c06efe7b4f8122b","Timestamp":"2026-07-25T17:29:10.082340311Z","LogContent":"{\"msg\":\"receive destroy sandbox\",\"level\":\"INFO\",\"ts\":\"2026-07-25T17:29:10.079765796Z\"}\r","FunctionType":""}
{"Module":"Shim","InstanceId":"464514b10d23438e84aa2da5629f4e17","ContainerId":"464514b10d23438e84aa2da5629f4e17","Timestamp":"2026-07-25T17:29:10.091431704Z","LogContent":"wait container:tpl-c33298206d4846deac922031_0 real:464514b10d23438e84aa2da5629f4e17 execid finish, exit code:9","FunctionType":""}
{"Module":"Shim","InstanceId":"464514b10d23438e84aa2da5629f4e17","ContainerId":"464514b10d23438e84aa2da5629f4e17","Timestamp":"2026-07-25T17:29:10.091511584Z","LogContent":"wait req finish","FunctionType":""}
{"Module":"Shim","InstanceId":"e782331fbb034b3eb40dd83c27e42191","ContainerId":"e782331fbb034b3eb40dd83c27e42191","Timestamp":"2026-07-25T17:29:10.092835442Z","LogContent":"wait container:tpl-c33298206d4846deac922031_0 real:e782331fbb034b3eb40dd83c27e42191 execid finish, exit code:9","FunctionType":""}
{"Module":"Shim","InstanceId":"464514b10d23438e84aa2da5629f4e17","ContainerId":"464514b10d23438e84aa2da5629f4e17","Timestamp":"2026-07-25T17:29:10.091774879Z","LogContent":"wait req finish","FunctionType":""}
{"Module":"Shim","InstanceId":"464514b10d23438e84aa2da5629f4e17","ContainerId":"464514b10d23438e84aa2da5629f4e17","Timestamp":"2026-07-25T17:29:10.091942407Z","LogContent":"delete req start, id:464514b10d23438e84aa2da5629f4e17, execid:","FunctionType":""}
{"Module":"Shim","InstanceId":"464514b10d23438e84aa2da5629f4e17","ContainerId":"464514b10d23438e84aa2da5629f4e17","Timestamp":"2026-07-25T17:29:10.091987568Z","LogContent":"delete req finish","FunctionType":""}
{"Module":"Shim","InstanceId":"464514b10d23438e84aa2da5629f4e17","ContainerId":"464514b10d23438e84aa2da5629f4e17","Timestamp":"2026-07-25T17:29:10.092240259Z","LogContent":"shutdown req start","FunctionType":""}
{"Module":"Shim","InstanceId":"464514b10d23438e84aa2da5629f4e17","ContainerId":"464514b10d23438e84aa2da5629f4e17","Timestamp":"2026-07-25T17:29:10.092244037Z","LogContent":"destroy sandbox start","FunctionType":""}
{"Module":"Shim","InstanceId":"e782331fbb034b3eb40dd83c27e42191","ContainerId":"e782331fbb034b3eb40dd83c27e42191","Timestamp":"2026-07-25T17:29:10.092878298Z","LogContent":"wait req finish","FunctionType":""}
{"Module":"Shim","InstanceId":"e782331fbb034b3eb40dd83c27e42191","ContainerId":"e782331fbb034b3eb40dd83c27e42191","Timestamp":"2026-07-25T17:29:10.092936049Z","LogContent":"wait req finish","FunctionType":""}
{"Module":"Shim","InstanceId":"e782331fbb034b3eb40dd83c27e42191","ContainerId":"e782331fbb034b3eb40dd83c27e42191","Timestamp":"2026-07-25T17:29:10.093169295Z","LogContent":"delete req start, id:e782331fbb034b3eb40dd83c27e42191, execid:","FunctionType":""}
{"Module":"Shim","InstanceId":"e782331fbb034b3eb40dd83c27e42191","ContainerId":"e782331fbb034b3eb40dd83c27e42191","Timestamp":"2026-07-25T17:29:10.09324248Z","LogContent":"delete req finish","FunctionType":""}
{"Module":"Shim","InstanceId":"464514b10d23438e84aa2da5629f4e17","ContainerId":"464514b10d23438e84aa2da5629f4e17","Timestamp":"2026-07-25T17:29:10.093367602Z","LogContent":"{\"msg\":\"notify term to close\",\"level\":\"INFO\",\"ts\":\"2026-07-25T17:29:10.087137367Z\",\"child-pid\":\"77\",\"subsystem\":\"signals\"}\r","FunctionType":""}
{"Module":"Shim","InstanceId":"e782331fbb034b3eb40dd83c27e42191","ContainerId":"e782331fbb034b3eb40dd83c27e42191","Timestamp":"2026-07-25T17:29:10.093377394Z","LogContent":"shutdown req start","FunctionType":""}
{"Module":"Shim","InstanceId":"e782331fbb034b3eb40dd83c27e42191","ContainerId":"e782331fbb034b3eb40dd83c27e42191","Timestamp":"2026-07-25T17:29:10.093382827Z","LogContent":"destroy sandbox start","FunctionType":""}
{"Module":"Shim","InstanceId":"464514b10d23438e84aa2da5629f4e17","ContainerId":"464514b10d23438e84aa2da5629f4e17","Timestamp":"2026-07-25T17:29:10.093817988Z","LogContent":"{\"msg\":\"cid tpl-c33298206d4846deac922031_0 eid  received exit signal\",\"level\":\"INFO\",\"ts\":\"2026-07-25T17:29:10.087156993Z\"}\r","FunctionType":""}
{"Module":"Shim","InstanceId":"464514b10d23438e84aa2da5629f4e17","ContainerId":"464514b10d23438e84aa2da5629f4e17","Timestamp":"2026-07-25T17:29:10.094227683Z","LogContent":"wait vm shutdown","FunctionType":""}
{"Module":"Shim","InstanceId":"464514b10d23438e84aa2da5629f4e17","ContainerId":"464514b10d23438e84aa2da5629f4e17","Timestamp":"2026-07-25T17:29:10.094392264Z","LogContent":"{\"msg\":\"receive destroy sandbox\",\"level\":\"INFO\",\"ts\":\"2026-07-25T17:29:10.09004418Z\"}\r","FunctionType":""}
{"Module":"Shim","InstanceId":"c1c31f4b9d5e4082ba263c47ad170805","ContainerId":"c1c31f4b9d5e4082ba263c47ad170805","Timestamp":"2026-07-25T17:29:10.09523234Z","LogContent":"wait ch exit","FunctionType":""}
{"Module":"Shim","InstanceId":"e782331fbb034b3eb40dd83c27e42191","ContainerId":"e782331fbb034b3eb40dd83c27e42191","Timestamp":"2026-07-25T17:29:10.096458396Z","LogContent":"{\"msg\":\"notify term to close\",\"level\":\"INFO\",\"ts\":\"2026-07-25T17:29:10.08324225Z\",\"child-pid\":\"77\",\"subsystem\":\"signals\"}\r","FunctionType":""}
{"Module":"Shim","InstanceId":"31637c83e5c54eb0b3bd534f31504706","ContainerId":"31637c83e5c54eb0b3bd534f31504706","Timestamp":"2026-07-25T17:29:10.061786044Z","LogContent":"{\"msg\":\"signal process\",\"level\":\"INFO\",\"ts\":\"2026-07-25T17:29:10.039779374Z\",\"container-id\":\"tpl-c33298206d4846deac922031_0\",\"exec-id\":\"\"}\r","FunctionType":""}
{"Module":"Shim","InstanceId":"44cf4e5cce894251b5e9020341e34601","ContainerId":"44cf4e5cce894251b5e9020341e34601","Timestamp":"2026-07-25T17:29:10.092440701Z","LogContent":"wait ch exit","FunctionType":""}
{"Module":"Shim","InstanceId":"31637c83e5c54eb0b3bd534f31504706","ContainerId":"31637c83e5c54eb0b3bd534f31504706","Timestamp":"2026-07-25T17:29:10.065370642Z","LogContent":"kill req finish","FunctionType":""}
{"Module":"Shim","InstanceId":"31637c83e5c54eb0b3bd534f31504706","ContainerId":"31637c83e5c54eb0b3bd534f31504706","Timestamp":"2026-07-25T17:29:10.065394155Z","LogContent":"init log forward stderr cancelled","FunctionType":""}
{"Module":"Shim","InstanceId":"31637c83e5c54eb0b3bd534f31504706","ContainerId":"31637c83e5c54eb0b3bd534f31504706","Timestamp":"2026-07-25T17:29:10.06540957Z","LogContent":"init log forward stdout cancelled","FunctionType":""}
{"Module":"Shim","InstanceId":"e782331fbb034b3eb40dd83c27e42191","ContainerId":"e782331fbb034b3eb40dd83c27e42191","Timestamp":"2026-07-25T17:29:10.096549672Z","LogContent":"{\"msg\":\"cid tpl-c33298206d4846deac922031_0 eid  received exit signal\",\"level\":\"INFO\",\"ts\":\"2026-07-25T17:29:10.083340124Z\"}\r","FunctionType":""}
{"Module":"Shim","InstanceId":"31637c83e5c54eb0b3bd534f31504706","ContainerId":"31637c83e5c54eb0b3bd534f31504706","Timestamp":"2026-07-25T17:29:10.065507782Z","LogContent":"{\"msg\":\"signal all the remaining processes\",\"level\":\"INFO\",\"ts\":\"2026-07-25T17:29:10.039797878Z\",\"container-id\":\"tpl-c33298206d4846deac922031_0\",\"exec-id\":\"\"}\r","FunctionType":""}
{"Module":"Shim","InstanceId":"31637c83e5c54eb0b3bd534f31504706","ContainerId":"31637c83e5c54eb0b3bd534f31504706","Timestamp":"2026-07-25T17:29:10.065674157Z","LogContent":"wait req start, id:31637c83e5c54eb0b3bd534f31504706, execid:","FunctionType":""}
{"Module":"Shim","InstanceId":"e782331fbb034b3eb40dd83c27e42191","ContainerId":"e782331fbb034b3eb40dd83c27e42191","Timestamp":"2026-07-25T17:29:10.096742477Z","LogContent":"wait vm shutdown","FunctionType":""}
{"Module":"Shim","InstanceId":"e782331fbb034b3eb40dd83c27e42191","ContainerId":"e782331fbb034b3eb40dd83c27e42191","Timestamp":"2026-07-25T17:29:10.097152312Z","LogContent":"{\"msg\":\"receive destroy sandbox\",\"level\":\"INFO\",\"ts\":\"2026-07-25T17:29:10.088059915Z\"}\r","FunctionType":""}
{"Module":"Shim","InstanceId":"5b274f161c8a407b87f888028ea9e9b6","ContainerId":"5b274f161c8a407b87f888028ea9e9b6","Timestamp":"2026-07-25T17:29:10.098127151Z","LogContent":"{\"msg\":\"notify term to close\",\"level\":\"INFO\",\"ts\":\"2026-07-25T17:29:10.091740002Z\",\"child-pid\":\"77\",\"subsystem\":\"signals\"}\r","FunctionType":""}
{"Module":"Shim","InstanceId":"5b274f161c8a407b87f888028ea9e9b6","ContainerId":"5b274f161c8a407b87f888028ea9e9b6","Timestamp":"2026-07-25T17:29:10.098135229Z","LogContent":"wait container:tpl-c33298206d4846deac922031_0 real:5b274f161c8a407b87f888028ea9e9b6 execid finish, exit code:9","FunctionType":""}
{"Module":"Shim","InstanceId":"5b274f161c8a407b87f888028ea9e9b6","ContainerId":"5b274f161c8a407b87f888028ea9e9b6","Timestamp":"2026-07-25T17:29:10.098161579Z","LogContent":"wait req finish","FunctionType":""}
{"Module":"Shim","InstanceId":"5b274f161c8a407b87f888028ea9e9b6","ContainerId":"5b274f161c8a407b87f888028ea9e9b6","Timestamp":"2026-07-25T17:29:10.098195225Z","LogContent":"{\"msg\":\"cid tpl-c33298206d4846deac922031_0 eid  received exit signal\",\"level\":\"INFO\",\"ts\":\"2026-07-25T17:29:10.091761092Z\"}\r","FunctionType":""}
{"Module":"Shim","InstanceId":"5b274f161c8a407b87f888028ea9e9b6","ContainerId":"5b274f161c8a407b87f888028ea9e9b6","Timestamp":"2026-07-25T17:29:10.098254088Z","LogContent":"wait req finish","FunctionType":""}
{"Module":"Shim","InstanceId":"a82dd64c62424c6cae7b359e1b5e1a7c","ContainerId":"a82dd64c62424c6cae7b359e1b5e1a7c","Timestamp":"2026-07-25T17:29:10.098452676Z","LogContent":"wait ch exit","FunctionType":""}
{"Module":"Shim","InstanceId":"31637c83e5c54eb0b3bd534f31504706","ContainerId":"31637c83e5c54eb0b3bd534f31504706","Timestamp":"2026-07-25T17:29:10.098424071Z","LogContent":"wait container:tpl-c33298206d4846deac922031_0 real:31637c83e5c54eb0b3bd534f31504706 execid finish, exit code:9","FunctionType":""}
{"Module":"Shim","InstanceId":"31637c83e5c54eb0b3bd534f31504706","ContainerId":"31637c83e5c54eb0b3bd534f31504706","Timestamp":"2026-07-25T17:29:10.098478023Z","LogContent":"wait req finish","FunctionType":""}
{"Module":"Shim","InstanceId":"31637c83e5c54eb0b3bd534f31504706","ContainerId":"31637c83e5c54eb0b3bd534f31504706","Timestamp":"2026-07-25T17:29:10.098521772Z","LogContent":"wait req finish","FunctionType":""}
{"Module":"Shim","InstanceId":"31637c83e5c54eb0b3bd534f31504706","ContainerId":"31637c83e5c54eb0b3bd534f31504706","Timestamp":"2026-07-25T17:29:10.098544142Z","LogContent":"{\"msg\":\"notify term to close\",\"level\":\"INFO\",\"ts\":\"2026-07-25T17:29:10.091371801Z\",\"child-pid\":\"77\",\"subsystem\":\"signals\"}\r","FunctionType":""}
{"Module":"Shim","InstanceId":"31637c83e5c54eb0b3bd534f31504706","ContainerId":"31637c83e5c54eb0b3bd534f31504706","Timestamp":"2026-07-25T17:29:10.098547951Z","LogContent":"{\"msg\":\"cid tpl-c33298206d4846deac922031_0 eid  received exit signal\",\"level\":\"INFO\",\"ts\":\"2026-07-25T17:29:10.091389304Z\"}\r","FunctionType":""}
{"Module":"Shim","InstanceId":"5b274f161c8a407b87f888028ea9e9b6","ContainerId":"5b274f161c8a407b87f888028ea9e9b6","Timestamp":"2026-07-25T17:29:10.09858731Z","LogContent":"delete req start, id:5b274f161c8a407b87f888028ea9e9b6, execid:","FunctionType":""}
{"Module":"Shim","InstanceId":"5b274f161c8a407b87f888028ea9e9b6","ContainerId":"5b274f161c8a407b87f888028ea9e9b6","Timestamp":"2026-07-25T17:29:10.098640269Z","LogContent":"delete req finish","FunctionType":""}
{"Module":"Shim","InstanceId":"5b274f161c8a407b87f888028ea9e9b6","ContainerId":"5b274f161c8a407b87f888028ea9e9b6","Timestamp":"2026-07-25T17:29:10.098704975Z","LogContent":"shutdown req start","FunctionType":""}
{"Module":"Shim","InstanceId":"5b274f161c8a407b87f888028ea9e9b6","ContainerId":"5b274f161c8a407b87f888028ea9e9b6","Timestamp":"2026-07-25T17:29:10.098708212Z","LogContent":"destroy sandbox start","FunctionType":""}
{"Module":"Shim","InstanceId":"31637c83e5c54eb0b3bd534f31504706","ContainerId":"31637c83e5c54eb0b3bd534f31504706","Timestamp":"2026-07-25T17:29:10.098652306Z","LogContent":"delete req start, id:31637c83e5c54eb0b3bd534f31504706, execid:","FunctionType":""}
{"Module":"Shim","InstanceId":"31637c83e5c54eb0b3bd534f31504706","ContainerId":"31637c83e5c54eb0b3bd534f31504706","Timestamp":"2026-07-25T17:29:10.098693269Z","LogContent":"delete req finish","FunctionType":""}
{"Module":"Shim","InstanceId":"31637c83e5c54eb0b3bd534f31504706","ContainerId":"31637c83e5c54eb0b3bd534f31504706","Timestamp":"2026-07-25T17:29:10.098789887Z","LogContent":"shutdown req start","FunctionType":""}
{"Module":"Shim","InstanceId":"31637c83e5c54eb0b3bd534f31504706","ContainerId":"31637c83e5c54eb0b3bd534f31504706","Timestamp":"2026-07-25T17:29:10.098795179Z","LogContent":"destroy sandbox start","FunctionType":""}
{"Module":"Shim","InstanceId":"31637c83e5c54eb0b3bd534f31504706","ContainerId":"31637c83e5c54eb0b3bd534f31504706","Timestamp":"2026-07-25T17:29:10.099036473Z","LogContent":"wait vm shutdown","FunctionType":""}
{"Module":"Shim","InstanceId":"5b274f161c8a407b87f888028ea9e9b6","ContainerId":"5b274f161c8a407b87f888028ea9e9b6","Timestamp":"2026-07-25T17:29:10.099213904Z","LogContent":"wait vm shutdown","FunctionType":""}
{"Module":"Shim","InstanceId":"31637c83e5c54eb0b3bd534f31504706","ContainerId":"31637c83e5c54eb0b3bd534f31504706","Timestamp":"2026-07-25T17:29:10.099462575Z","LogContent":"{\"msg\":\"receive destroy sandbox\",\"level\":\"INFO\",\"ts\":\"2026-07-25T17:29:10.092240654Z\"}\r","FunctionType":""}
{"Module":"Shim","InstanceId":"5b274f161c8a407b87f888028ea9e9b6","ContainerId":"5b274f161c8a407b87f888028ea9e9b6","Timestamp":"2026-07-25T17:29:10.099472968Z","LogContent":"{\"msg\":\"receive destroy sandbox\",\"level\":\"INFO\",\"ts\":\"2026-07-25T17:29:10.092777151Z\"}\r","FunctionType":""}
{"Module":"Shim","InstanceId":"6011a56d4aa54f409e58a21e8e5561fa","ContainerId":"6011a56d4aa54f409e58a21e8e5561fa","Timestamp":"2026-07-25T17:29:10.100105656Z","LogContent":"wait container:tpl-c33298206d4846deac922031_0 real:6011a56d4aa54f409e58a21e8e5561fa execid finish, exit code:9","FunctionType":""}
{"Module":"Shim","InstanceId":"6011a56d4aa54f409e58a21e8e5561fa","ContainerId":"6011a56d4aa54f409e58a21e8e5561fa","Timestamp":"2026-07-25T17:29:10.100139592Z","LogContent":"wait req finish","FunctionType":""}
{"Module":"Shim","InstanceId":"6011a56d4aa54f409e58a21e8e5561fa","ContainerId":"6011a56d4aa54f409e58a21e8e5561fa","Timestamp":"2026-07-25T17:29:10.100167686Z","LogContent":"wait req finish","FunctionType":""}
{"Module":"Shim","InstanceId":"6011a56d4aa54f409e58a21e8e5561fa","ContainerId":"6011a56d4aa54f409e58a21e8e5561fa","Timestamp":"2026-07-25T17:29:10.100192822Z","LogContent":"{\"msg\":\"notify term to close\",\"level\":\"INFO\",\"ts\":\"2026-07-25T17:29:10.096424886Z\",\"child-pid\":\"77\",\"subsystem\":\"signals\"}\r","FunctionType":""}
{"Module":"Shim","InstanceId":"6011a56d4aa54f409e58a21e8e5561fa","ContainerId":"6011a56d4aa54f409e58a21e8e5561fa","Timestamp":"2026-07-25T17:29:10.100368869Z","LogContent":"delete req start, id:6011a56d4aa54f409e58a21e8e5561fa, execid:","FunctionType":""}
{"Module":"Shim","InstanceId":"6011a56d4aa54f409e58a21e8e5561fa","ContainerId":"6011a56d4aa54f409e58a21e8e5561fa","Timestamp":"2026-07-25T17:29:10.100402155Z","LogContent":"delete req finish","FunctionType":""}
{"Module":"Shim","InstanceId":"6011a56d4aa54f409e58a21e8e5561fa","ContainerId":"6011a56d4aa54f409e58a21e8e5561fa","Timestamp":"2026-07-25T17:29:10.100489832Z","LogContent":"shutdown req start","FunctionType":""}
{"Module":"Shim","InstanceId":"6011a56d4aa54f409e58a21e8e5561fa","ContainerId":"6011a56d4aa54f409e58a21e8e5561fa","Timestamp":"2026-07-25T17:29:10.100492799Z","LogContent":"destroy sandbox start","FunctionType":""}
{"Module":"Shim","InstanceId":"86e93e932d6c4a9d8c06efe7b4f8122b","ContainerId":"86e93e932d6c4a9d8c06efe7b4f8122b","Timestamp":"2026-07-25T17:29:10.102451428Z","LogContent":"wait ch exit","FunctionType":""}
{"Module":"Shim","InstanceId":"6011a56d4aa54f409e58a21e8e5561fa","ContainerId":"6011a56d4aa54f409e58a21e8e5561fa","Timestamp":"2026-07-25T17:29:10.103512713Z","LogContent":"{\"msg\":\"cid tpl-c33298206d4846deac922031_0 eid  received exit signal\",\"level\":\"INFO\",\"ts\":\"2026-07-25T17:29:10.096438942Z\"}\r","FunctionType":""}
{"Module":"Shim","InstanceId":"6011a56d4aa54f409e58a21e8e5561fa","ContainerId":"6011a56d4aa54f409e58a21e8e5561fa","Timestamp":"2026-07-25T17:29:10.103764281Z","LogContent":"{\"msg\":\"receive destroy sandbox\",\"level\":\"INFO\",\"ts\":\"2026-07-25T17:29:10.100169093Z\"}\r","FunctionType":""}
{"Module":"Shim","InstanceId":"6011a56d4aa54f409e58a21e8e5561fa","ContainerId":"6011a56d4aa54f409e58a21e8e5561fa","Timestamp":"2026-07-25T17:29:10.103896479Z","LogContent":"wait vm shutdown","FunctionType":""}
{"Module":"Shim","InstanceId":"1b78dc7621144aa9aabc638a5b295e1c","ContainerId":"1b78dc7621144aa9aabc638a5b295e1c","Timestamp":"2026-07-25T17:29:10.103992977Z","LogContent":"wait ch exit","FunctionType":""}
{"Module":"Shim","InstanceId":"44cf4e5cce894251b5e9020341e34601","ContainerId":"44cf4e5cce894251b5e9020341e34601","Timestamp":"2026-07-25T17:29:10.106743994Z","LogContent":"destroy sandbox finish","FunctionType":""}
{"Module":"Shim","InstanceId":"44cf4e5cce894251b5e9020341e34601","ContainerId":"44cf4e5cce894251b5e9020341e34601","Timestamp":"2026-07-25T17:29:10.1067558Z","LogContent":"shutdown req finish","FunctionType":""}
{"Module":"Shim","InstanceId":"464514b10d23438e84aa2da5629f4e17","ContainerId":"464514b10d23438e84aa2da5629f4e17","Timestamp":"2026-07-25T17:29:10.114233492Z","LogContent":"wait ch exit","FunctionType":""}
{"Module":"Shim","InstanceId":"e782331fbb034b3eb40dd83c27e42191","ContainerId":"e782331fbb034b3eb40dd83c27e42191","Timestamp":"2026-07-25T17:29:10.114795751Z","LogContent":"wait ch exit","FunctionType":""}
{"Module":"Shim","InstanceId":"31637c83e5c54eb0b3bd534f31504706","ContainerId":"31637c83e5c54eb0b3bd534f31504706","Timestamp":"2026-07-25T17:29:10.116411938Z","LogContent":"wait ch exit","FunctionType":""}
{"Module":"Shim","InstanceId":"5b274f161c8a407b87f888028ea9e9b6","ContainerId":"5b274f161c8a407b87f888028ea9e9b6","Timestamp":"2026-07-25T17:29:10.11687401Z","LogContent":"wait ch exit","FunctionType":""}
{"Module":"Shim","InstanceId":"c1c31f4b9d5e4082ba263c47ad170805","ContainerId":"c1c31f4b9d5e4082ba263c47ad170805","Timestamp":"2026-07-25T17:29:10.118528253Z","LogContent":"destroy sandbox finish","FunctionType":""}
{"Module":"Shim","InstanceId":"c1c31f4b9d5e4082ba263c47ad170805","ContainerId":"c1c31f4b9d5e4082ba263c47ad170805","Timestamp":"2026-07-25T17:29:10.118538255Z","LogContent":"shutdown req finish","FunctionType":""}
{"Module":"Shim","InstanceId":"a82dd64c62424c6cae7b359e1b5e1a7c","ContainerId":"a82dd64c62424c6cae7b359e1b5e1a7c","Timestamp":"2026-07-25T17:29:10.118535339Z","LogContent":"destroy sandbox finish","FunctionType":""}
{"Module":"Shim","InstanceId":"a82dd64c62424c6cae7b359e1b5e1a7c","ContainerId":"a82dd64c62424c6cae7b359e1b5e1a7c","Timestamp":"2026-07-25T17:29:10.118548559Z","LogContent":"shutdown req finish","FunctionType":""}
{"Module":"Shim","InstanceId":"6011a56d4aa54f409e58a21e8e5561fa","ContainerId":"6011a56d4aa54f409e58a21e8e5561fa","Timestamp":"2026-07-25T17:29:10.120407232Z","LogContent":"wait ch exit","FunctionType":""}
{"Module":"Shim","InstanceId":"86e93e932d6c4a9d8c06efe7b4f8122b","ContainerId":"86e93e932d6c4a9d8c06efe7b4f8122b","Timestamp":"2026-07-25T17:29:10.128532766Z","LogContent":"destroy sandbox finish","FunctionType":""}
{"Module":"Shim","InstanceId":"1b78dc7621144aa9aabc638a5b295e1c","ContainerId":"1b78dc7621144aa9aabc638a5b295e1c","Timestamp":"2026-07-25T17:29:10.128531834Z","LogContent":"destroy sandbox finish","FunctionType":""}
{"Module":"Shim","InstanceId":"1b78dc7621144aa9aabc638a5b295e1c","ContainerId":"1b78dc7621144aa9aabc638a5b295e1c","Timestamp":"2026-07-25T17:29:10.128542317Z","LogContent":"shutdown req finish","FunctionType":""}
{"Module":"Shim","InstanceId":"86e93e932d6c4a9d8c06efe7b4f8122b","ContainerId":"86e93e932d6c4a9d8c06efe7b4f8122b","Timestamp":"2026-07-25T17:29:10.128541596Z","LogContent":"shutdown req finish","FunctionType":""}
{"Module":"Shim","InstanceId":"5b274f161c8a407b87f888028ea9e9b6","ContainerId":"5b274f161c8a407b87f888028ea9e9b6","Timestamp":"2026-07-25T17:29:10.140535418Z","LogContent":"destroy sandbox finish","FunctionType":""}
{"Module":"Shim","InstanceId":"6011a56d4aa54f409e58a21e8e5561fa","ContainerId":"6011a56d4aa54f409e58a21e8e5561fa","Timestamp":"2026-07-25T17:29:10.140534797Z","LogContent":"destroy sandbox finish","FunctionType":""}
{"Module":"Shim","InstanceId":"5b274f161c8a407b87f888028ea9e9b6","ContainerId":"5b274f161c8a407b87f888028ea9e9b6","Timestamp":"2026-07-25T17:29:10.140545821Z","LogContent":"shutdown req finish","FunctionType":""}
{"Module":"Shim","InstanceId":"464514b10d23438e84aa2da5629f4e17","ContainerId":"464514b10d23438e84aa2da5629f4e17","Timestamp":"2026-07-25T17:29:10.140532902Z","LogContent":"destroy sandbox finish","FunctionType":""}
{"Module":"Shim","InstanceId":"31637c83e5c54eb0b3bd534f31504706","ContainerId":"31637c83e5c54eb0b3bd534f31504706","Timestamp":"2026-07-25T17:29:10.140529936Z","LogContent":"destroy sandbox finish","FunctionType":""}
{"Module":"Shim","InstanceId":"464514b10d23438e84aa2da5629f4e17","ContainerId":"464514b10d23438e84aa2da5629f4e17","Timestamp":"2026-07-25T17:29:10.140542624Z","LogContent":"shutdown req finish","FunctionType":""}
{"Module":"Shim","InstanceId":"6011a56d4aa54f409e58a21e8e5561fa","ContainerId":"6011a56d4aa54f409e58a21e8e5561fa","Timestamp":"2026-07-25T17:29:10.140544809Z","LogContent":"shutdown req finish","FunctionType":""}
{"Module":"Shim","InstanceId":"31637c83e5c54eb0b3bd534f31504706","ContainerId":"31637c83e5c54eb0b3bd534f31504706","Timestamp":"2026-07-25T17:29:10.140541632Z","LogContent":"shutdown req finish","FunctionType":""}
{"Module":"Shim","InstanceId":"e782331fbb034b3eb40dd83c27e42191","ContainerId":"e782331fbb034b3eb40dd83c27e42191","Timestamp":"2026-07-25T17:29:10.140577062Z","LogContent":"destroy sandbox finish","FunctionType":""}
{"Module":"Shim","InstanceId":"e782331fbb034b3eb40dd83c27e42191","ContainerId":"e782331fbb034b3eb40dd83c27e42191","Timestamp":"2026-07-25T17:29:10.140588397Z","LogContent":"shutdown req finish","FunctionType":""}
